resolution,image,rows,cols,pixels,repetition,position,algorithm,construction_ms,nodes
480p,test_000.png,480,853,409440,0,0,tos_max4c_min8c,124.539916,81785
480p,test_000.png,480,853,409440,0,1,tos_self_dual,118.506500,83301
480p,test_000.png,480,853,409440,0,2,max_tree_8c,32.809709,35959
480p,test_000.png,480,853,409440,0,3,min_tree_8c,32.671750,38680
480p,test_000.png,480,853,409440,0,4,residual_unrestricted_8c,705.820667,74179
480p,test_000.png,480,853,409440,0,5,residual_saturated_8c,1103.260750,74185
480p,test_000.png,480,853,409440,1,0,tos_self_dual,116.818125,83301
480p,test_000.png,480,853,409440,1,1,max_tree_8c,34.642125,35959
480p,test_000.png,480,853,409440,1,2,min_tree_8c,33.010208,38680
480p,test_000.png,480,853,409440,1,3,residual_unrestricted_8c,718.394041,74179
480p,test_000.png,480,853,409440,1,4,residual_saturated_8c,1099.390792,74185
480p,test_000.png,480,853,409440,1,5,tos_max4c_min8c,120.299916,81785
480p,test_000.png,480,853,409440,2,0,max_tree_8c,34.369084,35959
480p,test_000.png,480,853,409440,2,1,min_tree_8c,33.391375,38680
480p,test_000.png,480,853,409440,2,2,residual_unrestricted_8c,733.841583,74179
480p,test_000.png,480,853,409440,2,3,residual_saturated_8c,1120.990083,74185
480p,test_000.png,480,853,409440,2,4,tos_max4c_min8c,118.683291,81785
480p,test_000.png,480,853,409440,2,5,tos_self_dual,116.643708,83301
480p,test_000.png,480,853,409440,3,0,min_tree_8c,34.107584,38680
480p,test_000.png,480,853,409440,3,1,residual_unrestricted_8c,711.830791,74179
480p,test_000.png,480,853,409440,3,2,residual_saturated_8c,1096.519542,74185
480p,test_000.png,480,853,409440,3,3,tos_max4c_min8c,118.397083,81785
480p,test_000.png,480,853,409440,3,4,tos_self_dual,116.119042,83301
480p,test_000.png,480,853,409440,3,5,max_tree_8c,34.325625,35959
480p,test_000.png,480,853,409440,4,0,residual_unrestricted_8c,709.806167,74179
480p,test_000.png,480,853,409440,4,1,residual_saturated_8c,1118.450459,74185
480p,test_000.png,480,853,409440,4,2,tos_max4c_min8c,120.844125,81785
480p,test_000.png,480,853,409440,4,3,tos_self_dual,117.767750,83301
480p,test_000.png,480,853,409440,4,4,max_tree_8c,34.317334,35959
480p,test_000.png,480,853,409440,4,5,min_tree_8c,34.283834,38680
480p,test_001.png,480,853,409440,0,0,tos_self_dual,121.154750,74379
480p,test_001.png,480,853,409440,0,1,max_tree_8c,30.804125,33894
480p,test_001.png,480,853,409440,0,2,min_tree_8c,30.851500,32337
480p,test_001.png,480,853,409440,0,3,residual_unrestricted_8c,606.359708,65869
480p,test_001.png,480,853,409440,0,4,residual_saturated_8c,797.865125,65874
480p,test_001.png,480,853,409440,0,5,tos_max4c_min8c,124.317625,72892
480p,test_001.png,480,853,409440,1,0,max_tree_8c,30.772167,33894
480p,test_001.png,480,853,409440,1,1,min_tree_8c,31.145833,32337
480p,test_001.png,480,853,409440,1,2,residual_unrestricted_8c,605.277792,65869
480p,test_001.png,480,853,409440,1,3,residual_saturated_8c,811.991791,65874
480p,test_001.png,480,853,409440,1,4,tos_max4c_min8c,125.315666,72892
480p,test_001.png,480,853,409440,1,5,tos_self_dual,120.553875,74379
480p,test_001.png,480,853,409440,2,0,min_tree_8c,31.838708,32337
480p,test_001.png,480,853,409440,2,1,residual_unrestricted_8c,595.908834,65869
480p,test_001.png,480,853,409440,2,2,residual_saturated_8c,789.609334,65874
480p,test_001.png,480,853,409440,2,3,tos_max4c_min8c,123.885541,72892
480p,test_001.png,480,853,409440,2,4,tos_self_dual,119.826125,74379
480p,test_001.png,480,853,409440,2,5,max_tree_8c,30.820625,33894
480p,test_001.png,480,853,409440,3,0,residual_unrestricted_8c,600.267709,65869
480p,test_001.png,480,853,409440,3,1,residual_saturated_8c,791.153833,65874
480p,test_001.png,480,853,409440,3,2,tos_max4c_min8c,123.871250,72892
480p,test_001.png,480,853,409440,3,3,tos_self_dual,120.947833,74379
480p,test_001.png,480,853,409440,3,4,max_tree_8c,30.824167,33894
480p,test_001.png,480,853,409440,3,5,min_tree_8c,30.783541,32337
480p,test_001.png,480,853,409440,4,0,residual_saturated_8c,799.005667,65874
480p,test_001.png,480,853,409440,4,1,tos_max4c_min8c,125.367041,72892
480p,test_001.png,480,853,409440,4,2,tos_self_dual,121.280125,74379
480p,test_001.png,480,853,409440,4,3,max_tree_8c,30.865625,33894
480p,test_001.png,480,853,409440,4,4,min_tree_8c,31.169709,32337
480p,test_001.png,480,853,409440,4,5,residual_unrestricted_8c,604.238208,65869
480p,test_002.png,480,853,409440,0,0,max_tree_8c,31.038292,24131
480p,test_002.png,480,853,409440,0,1,min_tree_8c,32.175167,23297
480p,test_002.png,480,853,409440,0,2,residual_unrestricted_8c,459.597750,47138
480p,test_002.png,480,853,409440,0,3,residual_saturated_8c,648.755541,47144
480p,test_002.png,480,853,409440,0,4,tos_max4c_min8c,119.106166,49830
480p,test_002.png,480,853,409440,0,5,tos_self_dual,118.118500,49115
480p,test_002.png,480,853,409440,1,0,min_tree_8c,32.416084,23297
480p,test_002.png,480,853,409440,1,1,residual_unrestricted_8c,457.010542,47138
480p,test_002.png,480,853,409440,1,2,residual_saturated_8c,648.723958,47144
480p,test_002.png,480,853,409440,1,3,tos_max4c_min8c,120.004292,49830
480p,test_002.png,480,853,409440,1,4,tos_self_dual,118.455167,49115
480p,test_002.png,480,853,409440,1,5,max_tree_8c,31.416708,24131
480p,test_002.png,480,853,409440,2,0,residual_unrestricted_8c,460.233417,47138
480p,test_002.png,480,853,409440,2,1,residual_saturated_8c,650.586875,47144
480p,test_002.png,480,853,409440,2,2,tos_max4c_min8c,129.097583,49830
480p,test_002.png,480,853,409440,2,3,tos_self_dual,117.323000,49115
480p,test_002.png,480,853,409440,2,4,max_tree_8c,31.373083,24131
480p,test_002.png,480,853,409440,2,5,min_tree_8c,31.663167,23297
480p,test_002.png,480,853,409440,3,0,residual_saturated_8c,651.027875,47144
480p,test_002.png,480,853,409440,3,1,tos_max4c_min8c,119.523583,49830
480p,test_002.png,480,853,409440,3,2,tos_self_dual,117.380125,49115
480p,test_002.png,480,853,409440,3,3,max_tree_8c,31.366708,24131
480p,test_002.png,480,853,409440,3,4,min_tree_8c,32.664375,23297
480p,test_002.png,480,853,409440,3,5,residual_unrestricted_8c,455.790000,47138
480p,test_002.png,480,853,409440,4,0,tos_max4c_min8c,121.275292,49830
480p,test_002.png,480,853,409440,4,1,tos_self_dual,116.446375,49115
480p,test_002.png,480,853,409440,4,2,max_tree_8c,31.301292,24131
480p,test_002.png,480,853,409440,4,3,min_tree_8c,32.053542,23297
480p,test_002.png,480,853,409440,4,4,residual_unrestricted_8c,455.675375,47138
480p,test_002.png,480,853,409440,4,5,residual_saturated_8c,644.427709,47144
480p,test_003.png,480,853,409440,0,0,min_tree_8c,31.410292,27430
480p,test_003.png,480,853,409440,0,1,residual_unrestricted_8c,571.189375,56791
480p,test_003.png,480,853,409440,0,2,residual_saturated_8c,1166.938334,56855
480p,test_003.png,480,853,409440,0,3,tos_max4c_min8c,116.651583,62560
480p,test_003.png,480,853,409440,0,4,tos_self_dual,117.665000,62687
480p,test_003.png,480,853,409440,0,5,max_tree_8c,31.912084,29878
480p,test_003.png,480,853,409440,1,0,residual_unrestricted_8c,572.503667,56791
480p,test_003.png,480,853,409440,1,1,residual_saturated_8c,1194.545209,56855
480p,test_003.png,480,853,409440,1,2,tos_max4c_min8c,117.409500,62560
480p,test_003.png,480,853,409440,1,3,tos_self_dual,117.778334,62687
480p,test_003.png,480,853,409440,1,4,max_tree_8c,31.582458,29878
480p,test_003.png,480,853,409440,1,5,min_tree_8c,31.055291,27430
480p,test_003.png,480,853,409440,2,0,residual_saturated_8c,1175.167500,56855
480p,test_003.png,480,853,409440,2,1,tos_max4c_min8c,116.067541,62560
480p,test_003.png,480,853,409440,2,2,tos_self_dual,117.088417,62687
480p,test_003.png,480,853,409440,2,3,max_tree_8c,31.814583,29878
480p,test_003.png,480,853,409440,2,4,min_tree_8c,31.174958,27430
480p,test_003.png,480,853,409440,2,5,residual_unrestricted_8c,570.843291,56791
480p,test_003.png,480,853,409440,3,0,tos_max4c_min8c,116.241250,62560
480p,test_003.png,480,853,409440,3,1,tos_self_dual,116.446083,62687
480p,test_003.png,480,853,409440,3,2,max_tree_8c,31.724208,29878
480p,test_003.png,480,853,409440,3,3,min_tree_8c,31.204000,27430
480p,test_003.png,480,853,409440,3,4,residual_unrestricted_8c,578.474417,56791
480p,test_003.png,480,853,409440,3,5,residual_saturated_8c,1180.112458,56855
480p,test_003.png,480,853,409440,4,0,tos_self_dual,118.027667,62687
480p,test_003.png,480,853,409440,4,1,max_tree_8c,31.600167,29878
480p,test_003.png,480,853,409440,4,2,min_tree_8c,31.189334,27430
480p,test_003.png,480,853,409440,4,3,residual_unrestricted_8c,576.818916,56791
480p,test_003.png,480,853,409440,4,4,residual_saturated_8c,1178.347084,56855
480p,test_003.png,480,853,409440,4,5,tos_max4c_min8c,117.471625,62560
480p,test_004.png,480,853,409440,0,0,residual_unrestricted_8c,564.944542,58765
480p,test_004.png,480,853,409440,0,1,residual_saturated_8c,770.712208,58800
480p,test_004.png,480,853,409440,0,2,tos_max4c_min8c,126.019042,63829
480p,test_004.png,480,853,409440,0,3,tos_self_dual,122.072959,64420
480p,test_004.png,480,853,409440,0,4,max_tree_8c,32.817250,33545
480p,test_004.png,480,853,409440,0,5,min_tree_8c,32.519583,25670
480p,test_004.png,480,853,409440,1,0,residual_saturated_8c,767.148667,58800
480p,test_004.png,480,853,409440,1,1,tos_max4c_min8c,125.217792,63829
480p,test_004.png,480,853,409440,1,2,tos_self_dual,119.513167,64420
480p,test_004.png,480,853,409440,1,3,max_tree_8c,31.870708,33545
480p,test_004.png,480,853,409440,1,4,min_tree_8c,31.234292,25670
480p,test_004.png,480,853,409440,1,5,residual_unrestricted_8c,559.506083,58765
480p,test_004.png,480,853,409440,2,0,tos_max4c_min8c,125.973875,63829
480p,test_004.png,480,853,409440,2,1,tos_self_dual,120.477833,64420
480p,test_004.png,480,853,409440,2,2,max_tree_8c,32.002916,33545
480p,test_004.png,480,853,409440,2,3,min_tree_8c,31.541875,25670
480p,test_004.png,480,853,409440,2,4,residual_unrestricted_8c,556.844334,58765
480p,test_004.png,480,853,409440,2,5,residual_saturated_8c,768.089000,58800
480p,test_004.png,480,853,409440,3,0,tos_self_dual,120.831459,64420
480p,test_004.png,480,853,409440,3,1,max_tree_8c,31.835208,33545
480p,test_004.png,480,853,409440,3,2,min_tree_8c,31.616750,25670
480p,test_004.png,480,853,409440,3,3,residual_unrestricted_8c,550.568042,58765
480p,test_004.png,480,853,409440,3,4,residual_saturated_8c,765.241167,58800
480p,test_004.png,480,853,409440,3,5,tos_max4c_min8c,125.325125,63829
480p,test_004.png,480,853,409440,4,0,max_tree_8c,31.335583,33545
480p,test_004.png,480,853,409440,4,1,min_tree_8c,31.798917,25670
480p,test_004.png,480,853,409440,4,2,residual_unrestricted_8c,556.607458,58765
480p,test_004.png,480,853,409440,4,3,residual_saturated_8c,774.619625,58800
480p,test_004.png,480,853,409440,4,4,tos_max4c_min8c,125.612000,63829
480p,test_004.png,480,853,409440,4,5,tos_self_dual,119.617292,64420
480p,test_005.png,480,853,409440,0,0,residual_saturated_8c,615.885084,58004
480p,test_005.png,480,853,409440,0,1,tos_max4c_min8c,121.315375,62278
480p,test_005.png,480,853,409440,0,2,tos_self_dual,116.824833,63243
480p,test_005.png,480,853,409440,0,3,max_tree_8c,31.353250,33303
480p,test_005.png,480,853,409440,0,4,min_tree_8c,31.264292,25158
480p,test_005.png,480,853,409440,0,5,residual_unrestricted_8c,437.622042,58002
480p,test_005.png,480,853,409440,1,0,tos_max4c_min8c,124.078584,62278
480p,test_005.png,480,853,409440,1,1,tos_self_dual,117.566708,63243
480p,test_005.png,480,853,409440,1,2,max_tree_8c,31.034375,33303
480p,test_005.png,480,853,409440,1,3,min_tree_8c,31.290334,25158
480p,test_005.png,480,853,409440,1,4,residual_unrestricted_8c,447.673083,58002
480p,test_005.png,480,853,409440,1,5,residual_saturated_8c,627.400875,58004
480p,test_005.png,480,853,409440,2,0,tos_self_dual,117.804500,63243
480p,test_005.png,480,853,409440,2,1,max_tree_8c,30.915917,33303
480p,test_005.png,480,853,409440,2,2,min_tree_8c,31.307833,25158
480p,test_005.png,480,853,409440,2,3,residual_unrestricted_8c,439.211291,58002
480p,test_005.png,480,853,409440,2,4,residual_saturated_8c,619.234417,58004
480p,test_005.png,480,853,409440,2,5,tos_max4c_min8c,122.216834,62278
480p,test_005.png,480,853,409440,3,0,max_tree_8c,31.002250,33303
480p,test_005.png,480,853,409440,3,1,min_tree_8c,30.905750,25158
480p,test_005.png,480,853,409440,3,2,residual_unrestricted_8c,440.000792,58002
480p,test_005.png,480,853,409440,3,3,residual_saturated_8c,616.475750,58004
480p,test_005.png,480,853,409440,3,4,tos_max4c_min8c,122.101791,62278
480p,test_005.png,480,853,409440,3,5,tos_self_dual,116.407417,63243
480p,test_005.png,480,853,409440,4,0,min_tree_8c,31.770625,25158
480p,test_005.png,480,853,409440,4,1,residual_unrestricted_8c,447.699584,58002
480p,test_005.png,480,853,409440,4,2,residual_saturated_8c,623.478708,58004
480p,test_005.png,480,853,409440,4,3,tos_max4c_min8c,122.373541,62278
480p,test_005.png,480,853,409440,4,4,tos_self_dual,117.566167,63243
480p,test_005.png,480,853,409440,4,5,max_tree_8c,30.835958,33303
480p,test_006.png,480,853,409440,0,0,tos_max4c_min8c,117.507417,34500
480p,test_006.png,480,853,409440,0,1,tos_self_dual,112.295667,34620
480p,test_006.png,480,853,409440,0,2,max_tree_8c,27.362792,18228
480p,test_006.png,480,853,409440,0,3,min_tree_8c,26.737333,14314
480p,test_006.png,480,853,409440,0,4,residual_unrestricted_8c,333.238666,32239
480p,test_006.png,480,853,409440,0,5,residual_saturated_8c,475.884083,32251
480p,test_006.png,480,853,409440,1,0,tos_self_dual,110.481083,34620
480p,test_006.png,480,853,409440,1,1,max_tree_8c,27.375708,18228
480p,test_006.png,480,853,409440,1,2,min_tree_8c,26.063500,14314
480p,test_006.png,480,853,409440,1,3,residual_unrestricted_8c,329.746208,32239
480p,test_006.png,480,853,409440,1,4,residual_saturated_8c,510.850958,32251
480p,test_006.png,480,853,409440,1,5,tos_max4c_min8c,118.528167,34500
480p,test_006.png,480,853,409440,2,0,max_tree_8c,26.964083,18228
480p,test_006.png,480,853,409440,2,1,min_tree_8c,26.638708,14314
480p,test_006.png,480,853,409440,2,2,residual_unrestricted_8c,351.264917,32239
480p,test_006.png,480,853,409440,2,3,residual_saturated_8c,478.641292,32251
480p,test_006.png,480,853,409440,2,4,tos_max4c_min8c,115.787625,34500
480p,test_006.png,480,853,409440,2,5,tos_self_dual,110.606667,34620
480p,test_006.png,480,853,409440,3,0,min_tree_8c,27.299041,14314
480p,test_006.png,480,853,409440,3,1,residual_unrestricted_8c,333.199167,32239
480p,test_006.png,480,853,409440,3,2,residual_saturated_8c,488.606958,32251
480p,test_006.png,480,853,409440,3,3,tos_max4c_min8c,113.579958,34500
480p,test_006.png,480,853,409440,3,4,tos_self_dual,110.786375,34620
480p,test_006.png,480,853,409440,3,5,max_tree_8c,27.053208,18228
480p,test_006.png,480,853,409440,4,0,residual_unrestricted_8c,332.188417,32239
480p,test_006.png,480,853,409440,4,1,residual_saturated_8c,479.918375,32251
480p,test_006.png,480,853,409440,4,2,tos_max4c_min8c,114.485209,34500
480p,test_006.png,480,853,409440,4,3,tos_self_dual,112.481875,34620
480p,test_006.png,480,853,409440,4,4,max_tree_8c,27.255417,18228
480p,test_006.png,480,853,409440,4,5,min_tree_8c,26.490542,14314
480p,test_007.png,480,853,409440,0,0,tos_self_dual,116.197791,58356
480p,test_007.png,480,853,409440,0,1,max_tree_8c,29.884458,30437
480p,test_007.png,480,853,409440,0,2,min_tree_8c,29.693167,21976
480p,test_007.png,480,853,409440,0,3,residual_unrestricted_8c,508.803958,52087
480p,test_007.png,480,853,409440,0,4,residual_saturated_8c,838.091542,52098
480p,test_007.png,480,853,409440,0,5,tos_max4c_min8c,122.289167,57701
480p,test_007.png,480,853,409440,1,0,max_tree_8c,29.222416,30437
480p,test_007.png,480,853,409440,1,1,min_tree_8c,30.063416,21976
480p,test_007.png,480,853,409440,1,2,residual_unrestricted_8c,512.000250,52087
480p,test_007.png,480,853,409440,1,3,residual_saturated_8c,837.773458,52098
480p,test_007.png,480,853,409440,1,4,tos_max4c_min8c,122.398708,57701
480p,test_007.png,480,853,409440,1,5,tos_self_dual,117.489333,58356
480p,test_007.png,480,853,409440,2,0,min_tree_8c,30.443125,21976
480p,test_007.png,480,853,409440,2,1,residual_unrestricted_8c,511.301333,52087
480p,test_007.png,480,853,409440,2,2,residual_saturated_8c,845.726541,52098
480p,test_007.png,480,853,409440,2,3,tos_max4c_min8c,120.981000,57701
480p,test_007.png,480,853,409440,2,4,tos_self_dual,116.745041,58356
480p,test_007.png,480,853,409440,2,5,max_tree_8c,29.292875,30437
480p,test_007.png,480,853,409440,3,0,residual_unrestricted_8c,528.443041,52087
480p,test_007.png,480,853,409440,3,1,residual_saturated_8c,833.341875,52098
480p,test_007.png,480,853,409440,3,2,tos_max4c_min8c,120.977250,57701
480p,test_007.png,480,853,409440,3,3,tos_self_dual,116.776375,58356
480p,test_007.png,480,853,409440,3,4,max_tree_8c,31.348500,30437
480p,test_007.png,480,853,409440,3,5,min_tree_8c,29.876917,21976
480p,test_007.png,480,853,409440,4,0,residual_saturated_8c,866.300334,52098
480p,test_007.png,480,853,409440,4,1,tos_max4c_min8c,122.402667,57701
480p,test_007.png,480,853,409440,4,2,tos_self_dual,117.683208,58356
480p,test_007.png,480,853,409440,4,3,max_tree_8c,29.832417,30437
480p,test_007.png,480,853,409440,4,4,min_tree_8c,30.074125,21976
480p,test_007.png,480,853,409440,4,5,residual_unrestricted_8c,513.517875,52087
480p,test_008.png,480,853,409440,0,0,max_tree_8c,28.270333,20250
480p,test_008.png,480,853,409440,0,1,min_tree_8c,28.191417,15029
480p,test_008.png,480,853,409440,0,2,residual_unrestricted_8c,302.244208,34950
480p,test_008.png,480,853,409440,0,3,residual_saturated_8c,414.381875,34957
480p,test_008.png,480,853,409440,0,4,tos_max4c_min8c,118.016333,37599
480p,test_008.png,480,853,409440,0,5,tos_self_dual,114.687375,37594
480p,test_008.png,480,853,409440,1,0,min_tree_8c,28.059333,15029
480p,test_008.png,480,853,409440,1,1,residual_unrestricted_8c,304.106333,34950
480p,test_008.png,480,853,409440,1,2,residual_saturated_8c,414.609125,34957
480p,test_008.png,480,853,409440,1,3,tos_max4c_min8c,118.236250,37599
480p,test_008.png,480,853,409440,1,4,tos_self_dual,115.305541,37594
480p,test_008.png,480,853,409440,1,5,max_tree_8c,28.519708,20250
480p,test_008.png,480,853,409440,2,0,residual_unrestricted_8c,305.201416,34950
480p,test_008.png,480,853,409440,2,1,residual_saturated_8c,426.439000,34957
480p,test_008.png,480,853,409440,2,2,tos_max4c_min8c,118.387458,37599
480p,test_008.png,480,853,409440,2,3,tos_self_dual,115.530875,37594
480p,test_008.png,480,853,409440,2,4,max_tree_8c,28.595041,20250
480p,test_008.png,480,853,409440,2,5,min_tree_8c,28.278958,15029
480p,test_008.png,480,853,409440,3,0,residual_saturated_8c,421.857417,34957
480p,test_008.png,480,853,409440,3,1,tos_max4c_min8c,118.909416,37599
480p,test_008.png,480,853,409440,3,2,tos_self_dual,115.224292,37594
480p,test_008.png,480,853,409440,3,3,max_tree_8c,29.031000,20250
480p,test_008.png,480,853,409440,3,4,min_tree_8c,27.939375,15029
480p,test_008.png,480,853,409440,3,5,residual_unrestricted_8c,304.684584,34950
480p,test_008.png,480,853,409440,4,0,tos_max4c_min8c,116.869375,37599
480p,test_008.png,480,853,409440,4,1,tos_self_dual,113.721166,37594
480p,test_008.png,480,853,409440,4,2,max_tree_8c,28.320792,20250
480p,test_008.png,480,853,409440,4,3,min_tree_8c,28.078791,15029
480p,test_008.png,480,853,409440,4,4,residual_unrestricted_8c,302.699833,34950
480p,test_008.png,480,853,409440,4,5,residual_saturated_8c,414.036000,34957
480p,test_009.png,480,853,409440,0,0,min_tree_8c,30.641750,23343
480p,test_009.png,480,853,409440,0,1,residual_unrestricted_8c,462.025417,58127
480p,test_009.png,480,853,409440,0,2,residual_saturated_8c,695.566208,58127
480p,test_009.png,480,853,409440,0,3,tos_max4c_min8c,123.398834,63361
480p,test_009.png,480,853,409440,0,4,tos_self_dual,116.916167,64330
480p,test_009.png,480,853,409440,0,5,max_tree_8c,30.787167,35101
480p,test_009.png,480,853,409440,1,0,residual_unrestricted_8c,460.190458,58127
480p,test_009.png,480,853,409440,1,1,residual_saturated_8c,688.044625,58127
480p,test_009.png,480,853,409440,1,2,tos_max4c_min8c,121.326667,63361
480p,test_009.png,480,853,409440,1,3,tos_self_dual,115.799458,64330
480p,test_009.png,480,853,409440,1,4,max_tree_8c,30.541083,35101
480p,test_009.png,480,853,409440,1,5,min_tree_8c,29.823083,23343
480p,test_009.png,480,853,409440,2,0,residual_saturated_8c,689.647791,58127
480p,test_009.png,480,853,409440,2,1,tos_max4c_min8c,123.402542,63361
480p,test_009.png,480,853,409440,2,2,tos_self_dual,116.781958,64330
480p,test_009.png,480,853,409440,2,3,max_tree_8c,30.723875,35101
480p,test_009.png,480,853,409440,2,4,min_tree_8c,30.223667,23343
480p,test_009.png,480,853,409440,2,5,residual_unrestricted_8c,467.098166,58127
480p,test_009.png,480,853,409440,3,0,tos_max4c_min8c,123.796959,63361
480p,test_009.png,480,853,409440,3,1,tos_self_dual,116.955292,64330
480p,test_009.png,480,853,409440,3,2,max_tree_8c,30.917333,35101
480p,test_009.png,480,853,409440,3,3,min_tree_8c,29.778416,23343
480p,test_009.png,480,853,409440,3,4,residual_unrestricted_8c,457.959333,58127
480p,test_009.png,480,853,409440,3,5,residual_saturated_8c,690.061000,58127
480p,test_009.png,480,853,409440,4,0,tos_self_dual,118.118875,64330
480p,test_009.png,480,853,409440,4,1,max_tree_8c,31.074625,35101
480p,test_009.png,480,853,409440,4,2,min_tree_8c,30.347042,23343
480p,test_009.png,480,853,409440,4,3,residual_unrestricted_8c,462.671167,58127
480p,test_009.png,480,853,409440,4,4,residual_saturated_8c,688.472917,58127
480p,test_009.png,480,853,409440,4,5,tos_max4c_min8c,122.645834,63361
720p,test_000.png,720,1280,921600,0,0,tos_self_dual,298.844250,148533
720p,test_000.png,720,1280,921600,0,1,max_tree_8c,79.263542,64504
720p,test_000.png,720,1280,921600,0,2,min_tree_8c,81.748667,69852
720p,test_000.png,720,1280,921600,0,3,residual_unrestricted_8c,1728.651833,133890
720p,test_000.png,720,1280,921600,0,4,residual_saturated_8c,2630.818875,133900
720p,test_000.png,720,1280,921600,0,5,tos_max4c_min8c,293.906208,145324
720p,test_000.png,720,1280,921600,1,0,max_tree_8c,78.362958,64504
720p,test_000.png,720,1280,921600,1,1,min_tree_8c,75.625792,69852
720p,test_000.png,720,1280,921600,1,2,residual_unrestricted_8c,1672.172250,133890
720p,test_000.png,720,1280,921600,1,3,residual_saturated_8c,2515.843583,133900
720p,test_000.png,720,1280,921600,1,4,tos_max4c_min8c,282.262334,145324
720p,test_000.png,720,1280,921600,1,5,tos_self_dual,279.180458,148533
720p,test_000.png,720,1280,921600,2,0,min_tree_8c,74.160792,69852
720p,test_000.png,720,1280,921600,2,1,residual_unrestricted_8c,1623.038625,133890
720p,test_000.png,720,1280,921600,2,2,residual_saturated_8c,2493.767167,133900
720p,test_000.png,720,1280,921600,2,3,tos_max4c_min8c,282.789709,145324
720p,test_000.png,720,1280,921600,2,4,tos_self_dual,280.620875,148533
720p,test_000.png,720,1280,921600,2,5,max_tree_8c,76.232625,64504
720p,test_000.png,720,1280,921600,3,0,residual_unrestricted_8c,1641.010166,133890
720p,test_000.png,720,1280,921600,3,1,residual_saturated_8c,2467.795042,133900
720p,test_000.png,720,1280,921600,3,2,tos_max4c_min8c,284.911500,145324
720p,test_000.png,720,1280,921600,3,3,tos_self_dual,281.703542,148533
720p,test_000.png,720,1280,921600,3,4,max_tree_8c,75.560084,64504
720p,test_000.png,720,1280,921600,3,5,min_tree_8c,73.646416,69852
720p,test_000.png,720,1280,921600,4,0,residual_saturated_8c,2475.728792,133900
720p,test_000.png,720,1280,921600,4,1,tos_max4c_min8c,282.077834,145324
720p,test_000.png,720,1280,921600,4,2,tos_self_dual,279.446000,148533
720p,test_000.png,720,1280,921600,4,3,max_tree_8c,75.383292,64504
720p,test_000.png,720,1280,921600,4,4,min_tree_8c,72.565500,69852
720p,test_000.png,720,1280,921600,4,5,residual_unrestricted_8c,1639.284375,133890
720p,test_001.png,720,1280,921600,0,0,max_tree_8c,71.701458,64600
720p,test_001.png,720,1280,921600,0,1,min_tree_8c,73.398750,60778
720p,test_001.png,720,1280,921600,0,2,residual_unrestricted_8c,1414.038375,124957
720p,test_001.png,720,1280,921600,0,3,residual_saturated_8c,1867.452458,124973
720p,test_001.png,720,1280,921600,0,4,tos_max4c_min8c,303.009208,136668
720p,test_001.png,720,1280,921600,0,5,tos_self_dual,289.292542,140418
720p,test_001.png,720,1280,921600,1,0,min_tree_8c,71.603792,60778
720p,test_001.png,720,1280,921600,1,1,residual_unrestricted_8c,1403.090250,124957
720p,test_001.png,720,1280,921600,1,2,residual_saturated_8c,1887.694042,124973
720p,test_001.png,720,1280,921600,1,3,tos_max4c_min8c,298.219750,136668
720p,test_001.png,720,1280,921600,1,4,tos_self_dual,287.725500,140418
720p,test_001.png,720,1280,921600,1,5,max_tree_8c,70.184125,64600
720p,test_001.png,720,1280,921600,2,0,residual_unrestricted_8c,1426.072208,124957
720p,test_001.png,720,1280,921600,2,1,residual_saturated_8c,1900.390417,124973
720p,test_001.png,720,1280,921600,2,2,tos_max4c_min8c,301.466708,136668
720p,test_001.png,720,1280,921600,2,3,tos_self_dual,292.174292,140418
720p,test_001.png,720,1280,921600,2,4,max_tree_8c,70.367250,64600
720p,test_001.png,720,1280,921600,2,5,min_tree_8c,71.284708,60778
720p,test_001.png,720,1280,921600,3,0,residual_saturated_8c,1857.865625,124973
720p,test_001.png,720,1280,921600,3,1,tos_max4c_min8c,296.188541,136668
720p,test_001.png,720,1280,921600,3,2,tos_self_dual,285.945417,140418
720p,test_001.png,720,1280,921600,3,3,max_tree_8c,70.468250,64600
720p,test_001.png,720,1280,921600,3,4,min_tree_8c,70.899042,60778
720p,test_001.png,720,1280,921600,3,5,residual_unrestricted_8c,1415.456375,124957
720p,test_001.png,720,1280,921600,4,0,tos_max4c_min8c,299.507500,136668
720p,test_001.png,720,1280,921600,4,1,tos_self_dual,289.997250,140418
720p,test_001.png,720,1280,921600,4,2,max_tree_8c,70.184208,64600
720p,test_001.png,720,1280,921600,4,3,min_tree_8c,71.870291,60778
720p,test_001.png,720,1280,921600,4,4,residual_unrestricted_8c,1400.232083,124957
720p,test_001.png,720,1280,921600,4,5,residual_saturated_8c,1874.186833,124973
720p,test_002.png,720,1280,921600,0,0,min_tree_8c,73.152417,39302
720p,test_002.png,720,1280,921600,0,1,residual_unrestricted_8c,1071.889958,78510
720p,test_002.png,720,1280,921600,0,2,residual_saturated_8c,1592.248458,78525
720p,test_002.png,720,1280,921600,0,3,tos_max4c_min8c,283.829541,83517
720p,test_002.png,720,1280,921600,0,4,tos_self_dual,283.156458,83290
720p,test_002.png,720,1280,921600,0,5,max_tree_8c,71.179291,39495
720p,test_002.png,720,1280,921600,1,0,residual_unrestricted_8c,1081.270541,78510
720p,test_002.png,720,1280,921600,1,1,residual_saturated_8c,1583.269375,78525
720p,test_002.png,720,1280,921600,1,2,tos_max4c_min8c,283.251750,83517
720p,test_002.png,720,1280,921600,1,3,tos_self_dual,284.470250,83290
720p,test_002.png,720,1280,921600,1,4,max_tree_8c,72.445542,39495
720p,test_002.png,720,1280,921600,1,5,min_tree_8c,76.240250,39302
720p,test_002.png,720,1280,921600,2,0,residual_saturated_8c,1611.921125,78525
720p,test_002.png,720,1280,921600,2,1,tos_max4c_min8c,284.425834,83517
720p,test_002.png,720,1280,921600,2,2,tos_self_dual,281.533791,83290
720p,test_002.png,720,1280,921600,2,3,max_tree_8c,69.623333,39495
720p,test_002.png,720,1280,921600,2,4,min_tree_8c,73.081625,39302
720p,test_002.png,720,1280,921600,2,5,residual_unrestricted_8c,1074.485000,78510
720p,test_002.png,720,1280,921600,3,0,tos_max4c_min8c,284.801667,83517
720p,test_002.png,720,1280,921600,3,1,tos_self_dual,278.914541,83290
720p,test_002.png,720,1280,921600,3,2,max_tree_8c,71.326958,39495
720p,test_002.png,720,1280,921600,3,3,min_tree_8c,73.112208,39302
720p,test_002.png,720,1280,921600,3,4,residual_unrestricted_8c,1096.232333,78510
720p,test_002.png,720,1280,921600,3,5,residual_saturated_8c,1590.828000,78525
720p,test_002.png,720,1280,921600,4,0,tos_self_dual,277.920167,83290
720p,test_002.png,720,1280,921600,4,1,max_tree_8c,71.096291,39495
720p,test_002.png,720,1280,921600,4,2,min_tree_8c,73.479667,39302
720p,test_002.png,720,1280,921600,4,3,residual_unrestricted_8c,1120.860042,78510
720p,test_002.png,720,1280,921600,4,4,residual_saturated_8c,1748.324250,78525
720p,test_002.png,720,1280,921600,4,5,tos_max4c_min8c,286.353834,83517
720p,test_003.png,720,1280,921600,0,0,residual_unrestricted_8c,1343.433209,106358
720p,test_003.png,720,1280,921600,0,1,residual_saturated_8c,3002.996875,106494
720p,test_003.png,720,1280,921600,0,2,tos_max4c_min8c,276.086875,115461
720p,test_003.png,720,1280,921600,0,3,tos_self_dual,279.279875,116563
720p,test_003.png,720,1280,921600,0,4,max_tree_8c,72.836917,53427
720p,test_003.png,720,1280,921600,0,5,min_tree_8c,71.173167,53610
720p,test_003.png,720,1280,921600,1,0,residual_saturated_8c,3033.766292,106494
720p,test_003.png,720,1280,921600,1,1,tos_max4c_min8c,274.927708,115461
720p,test_003.png,720,1280,921600,1,2,tos_self_dual,276.830334,116563
720p,test_003.png,720,1280,921600,1,3,max_tree_8c,71.932917,53427
720p,test_003.png,720,1280,921600,1,4,min_tree_8c,70.988667,53610
720p,test_003.png,720,1280,921600,1,5,residual_unrestricted_8c,1359.095750,106358
720p,test_003.png,720,1280,921600,2,0,tos_max4c_min8c,275.372917,115461
720p,test_003.png,720,1280,921600,2,1,tos_self_dual,279.173375,116563
720p,test_003.png,720,1280,921600,2,2,max_tree_8c,71.275125,53427
720p,test_003.png,720,1280,921600,2,3,min_tree_8c,70.397834,53610
720p,test_003.png,720,1280,921600,2,4,residual_unrestricted_8c,1361.105750,106358
720p,test_003.png,720,1280,921600,2,5,residual_saturated_8c,3051.494958,106494
720p,test_003.png,720,1280,921600,3,0,tos_self_dual,278.947959,116563
720p,test_003.png,720,1280,921600,3,1,max_tree_8c,70.859875,53427
720p,test_003.png,720,1280,921600,3,2,min_tree_8c,70.693916,53610
720p,test_003.png,720,1280,921600,3,3,residual_unrestricted_8c,1337.267083,106358
720p,test_003.png,720,1280,921600,3,4,residual_saturated_8c,3011.650084,106494
720p,test_003.png,720,1280,921600,3,5,tos_max4c_min8c,275.750917,115461
720p,test_003.png,720,1280,921600,4,0,max_tree_8c,71.321042,53427
720p,test_003.png,720,1280,921600,4,1,min_tree_8c,70.761167,53610
720p,test_003.png,720,1280,921600,4,2,residual_unrestricted_8c,1348.458500,106358
720p,test_003.png,720,1280,921600,4,3,residual_saturated_8c,3072.336875,106494
720p,test_003.png,720,1280,921600,4,4,tos_max4c_min8c,296.073209,115461
720p,test_003.png,720,1280,921600,4,5,tos_self_dual,288.977417,116563
720p,test_004.png,720,1280,921600,0,0,residual_saturated_8c,1901.591208,107867
720p,test_004.png,720,1280,921600,0,1,tos_max4c_min8c,298.634833,116897
720p,test_004.png,720,1280,921600,0,2,tos_self_dual,286.138541,118527
720p,test_004.png,720,1280,921600,0,3,max_tree_8c,71.168833,60083
720p,test_004.png,720,1280,921600,0,4,min_tree_8c,71.147000,48298
720p,test_004.png,720,1280,921600,0,5,residual_unrestricted_8c,1262.259292,107793
720p,test_004.png,720,1280,921600,1,0,tos_max4c_min8c,301.552667,116897
720p,test_004.png,720,1280,921600,1,1,tos_self_dual,288.794167,118527
720p,test_004.png,720,1280,921600,1,2,max_tree_8c,72.825458,60083
720p,test_004.png,720,1280,921600,1,3,min_tree_8c,70.967417,48298
720p,test_004.png,720,1280,921600,1,4,residual_unrestricted_8c,1271.260875,107793
720p,test_004.png,720,1280,921600,1,5,residual_saturated_8c,1889.868500,107867
720p,test_004.png,720,1280,921600,2,0,tos_self_dual,287.860333,118527
720p,test_004.png,720,1280,921600,2,1,max_tree_8c,71.354000,60083
720p,test_004.png,720,1280,921600,2,2,min_tree_8c,72.240625,48298
720p,test_004.png,720,1280,921600,2,3,residual_unrestricted_8c,1263.489750,107793
720p,test_004.png,720,1280,921600,2,4,residual_saturated_8c,1893.896750,107867
720p,test_004.png,720,1280,921600,2,5,tos_max4c_min8c,298.684375,116897
720p,test_004.png,720,1280,921600,3,0,max_tree_8c,72.372125,60083
720p,test_004.png,720,1280,921600,3,1,min_tree_8c,72.194792,48298
720p,test_004.png,720,1280,921600,3,2,residual_unrestricted_8c,1266.253541,107793
720p,test_004.png,720,1280,921600,3,3,residual_saturated_8c,1878.000666,107867
720p,test_004.png,720,1280,921600,3,4,tos_max4c_min8c,306.135542,116897
720p,test_004.png,720,1280,921600,3,5,tos_self_dual,290.044167,118527
720p,test_004.png,720,1280,921600,4,0,min_tree_8c,71.746959,48298
720p,test_004.png,720,1280,921600,4,1,residual_unrestricted_8c,1287.819042,107793
720p,test_004.png,720,1280,921600,4,2,residual_saturated_8c,1880.055584,107867
720p,test_004.png,720,1280,921600,4,3,tos_max4c_min8c,296.625167,116897
720p,test_004.png,720,1280,921600,4,4,tos_self_dual,286.940500,118527
720p,test_004.png,720,1280,921600,4,5,max_tree_8c,71.872167,60083
720p,test_005.png,720,1280,921600,0,0,tos_max4c_min8c,295.405250,113732
720p,test_005.png,720,1280,921600,0,1,tos_self_dual,279.745875,116077
720p,test_005.png,720,1280,921600,0,2,max_tree_8c,68.839875,59878
720p,test_005.png,720,1280,921600,0,3,min_tree_8c,69.758583,46516
720p,test_005.png,720,1280,921600,0,4,residual_unrestricted_8c,1012.942166,105802
720p,test_005.png,720,1280,921600,0,5,residual_saturated_8c,1445.959000,105803
720p,test_005.png,720,1280,921600,1,0,tos_self_dual,281.060875,116077
720p,test_005.png,720,1280,921600,1,1,max_tree_8c,68.828708,59878
720p,test_005.png,720,1280,921600,1,2,min_tree_8c,70.480333,46516
720p,test_005.png,720,1280,921600,1,3,residual_unrestricted_8c,986.406916,105802
720p,test_005.png,720,1280,921600,1,4,residual_saturated_8c,1446.325750,105803
720p,test_005.png,720,1280,921600,1,5,tos_max4c_min8c,291.075958,113732
720p,test_005.png,720,1280,921600,2,0,max_tree_8c,68.594750,59878
720p,test_005.png,720,1280,921600,2,1,min_tree_8c,69.725166,46516
720p,test_005.png,720,1280,921600,2,2,residual_unrestricted_8c,982.916583,105802
720p,test_005.png,720,1280,921600,2,3,residual_saturated_8c,1419.852458,105803
720p,test_005.png,720,1280,921600,2,4,tos_max4c_min8c,293.968625,113732
720p,test_005.png,720,1280,921600,2,5,tos_self_dual,281.294500,116077
720p,test_005.png,720,1280,921600,3,0,min_tree_8c,70.909584,46516
720p,test_005.png,720,1280,921600,3,1,residual_unrestricted_8c,1026.610875,105802
720p,test_005.png,720,1280,921600,3,2,residual_saturated_8c,1486.863833,105803
720p,test_005.png,720,1280,921600,3,3,tos_max4c_min8c,295.349375,113732
720p,test_005.png,720,1280,921600,3,4,tos_self_dual,283.800167,116077
720p,test_005.png,720,1280,921600,3,5,max_tree_8c,69.408625,59878
720p,test_005.png,720,1280,921600,4,0,residual_unrestricted_8c,1010.249375,105802
720p,test_005.png,720,1280,921600,4,1,residual_saturated_8c,1422.512583,105803
720p,test_005.png,720,1280,921600,4,2,tos_max4c_min8c,292.669750,113732
720p,test_005.png,720,1280,921600,4,3,tos_self_dual,279.017250,116077
720p,test_005.png,720,1280,921600,4,4,max_tree_8c,68.669416,59878
720p,test_005.png,720,1280,921600,4,5,min_tree_8c,69.892000,46516
720p,test_006.png,720,1280,921600,0,0,tos_self_dual,261.024375,58460
720p,test_006.png,720,1280,921600,0,1,max_tree_8c,59.330000,30485
720p,test_006.png,720,1280,921600,0,2,min_tree_8c,58.367083,24429
720p,test_006.png,720,1280,921600,0,3,residual_unrestricted_8c,725.088500,54603
720p,test_006.png,720,1280,921600,0,4,residual_saturated_8c,1061.959083,54616
720p,test_006.png,720,1280,921600,0,5,tos_max4c_min8c,264.889916,58098
720p,test_006.png,720,1280,921600,1,0,max_tree_8c,58.739709,30485
720p,test_006.png,720,1280,921600,1,1,min_tree_8c,57.630167,24429
720p,test_006.png,720,1280,921600,1,2,residual_unrestricted_8c,733.198875,54603
720p,test_006.png,720,1280,921600,1,3,residual_saturated_8c,1105.308917,54616
720p,test_006.png,720,1280,921600,1,4,tos_max4c_min8c,269.799750,58098
720p,test_006.png,720,1280,921600,1,5,tos_self_dual,265.573167,58460
720p,test_006.png,720,1280,921600,2,0,min_tree_8c,59.449375,24429
720p,test_006.png,720,1280,921600,2,1,residual_unrestricted_8c,732.613166,54603
720p,test_006.png,720,1280,921600,2,2,residual_saturated_8c,1072.681250,54616
720p,test_006.png,720,1280,921600,2,3,tos_max4c_min8c,268.257709,58098
720p,test_006.png,720,1280,921600,2,4,tos_self_dual,258.859042,58460
720p,test_006.png,720,1280,921600,2,5,max_tree_8c,58.861459,30485
720p,test_006.png,720,1280,921600,3,0,residual_unrestricted_8c,724.193917,54603
720p,test_006.png,720,1280,921600,3,1,residual_saturated_8c,1080.921417,54616
720p,test_006.png,720,1280,921600,3,2,tos_max4c_min8c,268.726792,58098
720p,test_006.png,720,1280,921600,3,3,tos_self_dual,258.476625,58460
720p,test_006.png,720,1280,921600,3,4,max_tree_8c,59.487917,30485
720p,test_006.png,720,1280,921600,3,5,min_tree_8c,58.397167,24429
720p,test_006.png,720,1280,921600,4,0,residual_saturated_8c,1077.270667,54616
720p,test_006.png,720,1280,921600,4,1,tos_max4c_min8c,266.585375,58098
720p,test_006.png,720,1280,921600,4,2,tos_self_dual,259.800750,58460
720p,test_006.png,720,1280,921600,4,3,max_tree_8c,59.121750,30485
720p,test_006.png,720,1280,921600,4,4,min_tree_8c,58.506292,24429
720p,test_006.png,720,1280,921600,4,5,residual_unrestricted_8c,722.818167,54603
720p,test_007.png,720,1280,921600,0,0,max_tree_8c,64.289084,54784
720p,test_007.png,720,1280,921600,0,1,min_tree_8c,65.906500,39056
720p,test_007.png,720,1280,921600,0,2,residual_unrestricted_8c,1192.161875,93443
720p,test_007.png,720,1280,921600,0,3,residual_saturated_8c,1945.090042,93470
720p,test_007.png,720,1280,921600,0,4,tos_max4c_min8c,287.130125,101907
720p,test_007.png,720,1280,921600,0,5,tos_self_dual,273.042750,103704
720p,test_007.png,720,1280,921600,1,0,min_tree_8c,66.065500,39056
720p,test_007.png,720,1280,921600,1,1,residual_unrestricted_8c,1178.018083,93443
720p,test_007.png,720,1280,921600,1,2,residual_saturated_8c,1946.459209,93470
720p,test_007.png,720,1280,921600,1,3,tos_max4c_min8c,285.934209,101907
720p,test_007.png,720,1280,921600,1,4,tos_self_dual,273.348250,103704
720p,test_007.png,720,1280,921600,1,5,max_tree_8c,64.645917,54784
720p,test_007.png,720,1280,921600,2,0,residual_unrestricted_8c,1188.641708,93443
720p,test_007.png,720,1280,921600,2,1,residual_saturated_8c,1938.298500,93470
720p,test_007.png,720,1280,921600,2,2,tos_max4c_min8c,286.658541,101907
720p,test_007.png,720,1280,921600,2,3,tos_self_dual,273.040542,103704
720p,test_007.png,720,1280,921600,2,4,max_tree_8c,64.568541,54784
720p,test_007.png,720,1280,921600,2,5,min_tree_8c,67.856583,39056
720p,test_007.png,720,1280,921600,3,0,residual_saturated_8c,1922.664375,93470
720p,test_007.png,720,1280,921600,3,1,tos_max4c_min8c,286.340250,101907
720p,test_007.png,720,1280,921600,3,2,tos_self_dual,273.719416,103704
720p,test_007.png,720,1280,921600,3,3,max_tree_8c,64.668875,54784
720p,test_007.png,720,1280,921600,3,4,min_tree_8c,66.491584,39056
720p,test_007.png,720,1280,921600,3,5,residual_unrestricted_8c,1187.841083,93443
720p,test_007.png,720,1280,921600,4,0,tos_max4c_min8c,288.151167,101907
720p,test_007.png,720,1280,921600,4,1,tos_self_dual,271.530833,103704
720p,test_007.png,720,1280,921600,4,2,max_tree_8c,64.173875,54784
720p,test_007.png,720,1280,921600,4,3,min_tree_8c,66.012708,39056
720p,test_007.png,720,1280,921600,4,4,residual_unrestricted_8c,1168.421791,93443
720p,test_007.png,720,1280,921600,4,5,residual_saturated_8c,1956.736333,93470
720p,test_008.png,720,1280,921600,0,0,min_tree_8c,61.985375,27029
720p,test_008.png,720,1280,921600,0,1,residual_unrestricted_8c,670.967708,60439
720p,test_008.png,720,1280,921600,0,2,residual_saturated_8c,919.360334,60439
720p,test_008.png,720,1280,921600,0,3,tos_max4c_min8c,278.983541,64952
720p,test_008.png,720,1280,921600,0,4,tos_self_dual,270.821667,65644
720p,test_008.png,720,1280,921600,0,5,max_tree_8c,62.110584,33751
720p,test_008.png,720,1280,921600,1,0,residual_unrestricted_8c,683.886791,60439
720p,test_008.png,720,1280,921600,1,1,residual_saturated_8c,922.782208,60439
720p,test_008.png,720,1280,921600,1,2,tos_max4c_min8c,276.065417,64952
720p,test_008.png,720,1280,921600,1,3,tos_self_dual,269.505083,65644
720p,test_008.png,720,1280,921600,1,4,max_tree_8c,62.203792,33751
720p,test_008.png,720,1280,921600,1,5,min_tree_8c,61.643708,27029
720p,test_008.png,720,1280,921600,2,0,residual_saturated_8c,947.454375,60439
720p,test_008.png,720,1280,921600,2,1,tos_max4c_min8c,281.038958,64952
720p,test_008.png,720,1280,921600,2,2,tos_self_dual,272.594167,65644
720p,test_008.png,720,1280,921600,2,3,max_tree_8c,61.658541,33751
720p,test_008.png,720,1280,921600,2,4,min_tree_8c,61.810709,27029
720p,test_008.png,720,1280,921600,2,5,residual_unrestricted_8c,683.031000,60439
720p,test_008.png,720,1280,921600,3,0,tos_max4c_min8c,279.808666,64952
720p,test_008.png,720,1280,921600,3,1,tos_self_dual,270.028459,65644
720p,test_008.png,720,1280,921600,3,2,max_tree_8c,62.228125,33751
720p,test_008.png,720,1280,921600,3,3,min_tree_8c,61.699208,27029
720p,test_008.png,720,1280,921600,3,4,residual_unrestricted_8c,682.126875,60439
720p,test_008.png,720,1280,921600,3,5,residual_saturated_8c,911.510625,60439
720p,test_008.png,720,1280,921600,4,0,tos_self_dual,270.304042,65644
720p,test_008.png,720,1280,921600,4,1,max_tree_8c,62.160125,33751
720p,test_008.png,720,1280,921600,4,2,min_tree_8c,62.383333,27029
720p,test_008.png,720,1280,921600,4,3,residual_unrestricted_8c,682.203666,60439
720p,test_008.png,720,1280,921600,4,4,residual_saturated_8c,913.617250,60439
720p,test_008.png,720,1280,921600,4,5,tos_max4c_min8c,276.398375,64952
720p,test_009.png,720,1280,921600,0,0,residual_unrestricted_8c,1057.627667,107099
720p,test_009.png,720,1280,921600,0,1,residual_saturated_8c,1620.106334,107099
720p,test_009.png,720,1280,921600,0,2,tos_max4c_min8c,291.151541,115417
720p,test_009.png,720,1280,921600,0,3,tos_self_dual,282.102458,117229
720p,test_009.png,720,1280,921600,0,4,max_tree_8c,67.627250,63836
720p,test_009.png,720,1280,921600,0,5,min_tree_8c,67.329084,43612
720p,test_009.png,720,1280,921600,1,0,residual_saturated_8c,1594.831291,107099
720p,test_009.png,720,1280,921600,1,1,tos_max4c_min8c,288.896958,115417
720p,test_009.png,720,1280,921600,1,2,tos_self_dual,273.614125,117229
720p,test_009.png,720,1280,921600,1,3,max_tree_8c,66.682250,63836
720p,test_009.png,720,1280,921600,1,4,min_tree_8c,66.885750,43612
720p,test_009.png,720,1280,921600,1,5,residual_unrestricted_8c,1061.164625,107099
720p,test_009.png,720,1280,921600,2,0,tos_max4c_min8c,294.482416,115417
720p,test_009.png,720,1280,921600,2,1,tos_self_dual,281.240250,117229
720p,test_009.png,720,1280,921600,2,2,max_tree_8c,67.917625,63836
720p,test_009.png,720,1280,921600,2,3,min_tree_8c,67.077916,43612
720p,test_009.png,720,1280,921600,2,4,residual_unrestricted_8c,1068.487542,107099
720p,test_009.png,720,1280,921600,2,5,residual_saturated_8c,1602.361250,107099
720p,test_009.png,720,1280,921600,3,0,tos_self_dual,276.064500,117229
720p,test_009.png,720,1280,921600,3,1,max_tree_8c,67.221042,63836
720p,test_009.png,720,1280,921600,3,2,min_tree_8c,67.757542,43612
720p,test_009.png,720,1280,921600,3,3,residual_unrestricted_8c,1112.540250,107099
720p,test_009.png,720,1280,921600,3,4,residual_saturated_8c,1648.225666,107099
720p,test_009.png,720,1280,921600,3,5,tos_max4c_min8c,295.469417,115417
720p,test_009.png,720,1280,921600,4,0,max_tree_8c,67.182291,63836
720p,test_009.png,720,1280,921600,4,1,min_tree_8c,66.987667,43612
720p,test_009.png,720,1280,921600,4,2,residual_unrestricted_8c,1059.478333,107099
720p,test_009.png,720,1280,921600,4,3,residual_saturated_8c,1621.950416,107099
720p,test_009.png,720,1280,921600,4,4,tos_max4c_min8c,288.145458,115417
720p,test_009.png,720,1280,921600,4,5,tos_self_dual,277.492416,117229
1080p,test_000.png,1080,1920,2073600,0,0,max_tree_8c,172.555333,128186
1080p,test_000.png,1080,1920,2073600,0,1,min_tree_8c,168.897833,138332
1080p,test_000.png,1080,1920,2073600,0,2,residual_unrestricted_8c,4080.597084,266007
1080p,test_000.png,1080,1920,2073600,0,3,residual_saturated_8c,5849.417625,266024
1080p,test_000.png,1080,1920,2073600,0,4,tos_max4c_min8c,697.549209,293130
1080p,test_000.png,1080,1920,2073600,0,5,tos_self_dual,672.114958,302039
1080p,test_000.png,1080,1920,2073600,1,0,min_tree_8c,168.798458,138332
1080p,test_000.png,1080,1920,2073600,1,1,residual_unrestricted_8c,4151.482791,266007
1080p,test_000.png,1080,1920,2073600,1,2,residual_saturated_8c,6001.332209,266024
1080p,test_000.png,1080,1920,2073600,1,3,tos_max4c_min8c,685.708375,293130
1080p,test_000.png,1080,1920,2073600,1,4,tos_self_dual,676.105417,302039
1080p,test_000.png,1080,1920,2073600,1,5,max_tree_8c,172.889750,128186
1080p,test_000.png,1080,1920,2073600,2,0,residual_unrestricted_8c,4055.620667,266007
1080p,test_000.png,1080,1920,2073600,2,1,residual_saturated_8c,5874.390291,266024
1080p,test_000.png,1080,1920,2073600,2,2,tos_max4c_min8c,687.204625,293130
1080p,test_000.png,1080,1920,2073600,2,3,tos_self_dual,678.480583,302039
1080p,test_000.png,1080,1920,2073600,2,4,max_tree_8c,171.437292,128186
1080p,test_000.png,1080,1920,2073600,2,5,min_tree_8c,169.358500,138332
1080p,test_000.png,1080,1920,2073600,3,0,residual_saturated_8c,5881.203417,266024
1080p,test_000.png,1080,1920,2073600,3,1,tos_max4c_min8c,680.551125,293130
1080p,test_000.png,1080,1920,2073600,3,2,tos_self_dual,672.083625,302039
1080p,test_000.png,1080,1920,2073600,3,3,max_tree_8c,172.759541,128186
1080p,test_000.png,1080,1920,2073600,3,4,min_tree_8c,169.971875,138332
1080p,test_000.png,1080,1920,2073600,3,5,residual_unrestricted_8c,4092.989625,266007
1080p,test_000.png,1080,1920,2073600,4,0,tos_max4c_min8c,681.213167,293130
1080p,test_000.png,1080,1920,2073600,4,1,tos_self_dual,687.161458,302039
1080p,test_000.png,1080,1920,2073600,4,2,max_tree_8c,174.494250,128186
1080p,test_000.png,1080,1920,2073600,4,3,min_tree_8c,170.036500,138332
1080p,test_000.png,1080,1920,2073600,4,4,residual_unrestricted_8c,4113.431167,266007
1080p,test_000.png,1080,1920,2073600,4,5,residual_saturated_8c,5899.146958,266024
1080p,test_001.png,1080,1920,2073600,0,0,min_tree_8c,162.959917,122539
1080p,test_001.png,1080,1920,2073600,0,1,residual_unrestricted_8c,3420.438625,251139
1080p,test_001.png,1080,1920,2073600,0,2,residual_saturated_8c,4727.693375,251167
1080p,test_001.png,1080,1920,2073600,0,3,tos_max4c_min8c,721.255875,277219
1080p,test_001.png,1080,1920,2073600,0,4,tos_self_dual,705.029375,286910
1080p,test_001.png,1080,1920,2073600,0,5,max_tree_8c,159.547375,129164
1080p,test_001.png,1080,1920,2073600,1,0,residual_unrestricted_8c,3467.857916,251139
1080p,test_001.png,1080,1920,2073600,1,1,residual_saturated_8c,4710.947792,251167
1080p,test_001.png,1080,1920,2073600,1,2,tos_max4c_min8c,709.222833,277219
1080p,test_001.png,1080,1920,2073600,1,3,tos_self_dual,759.850750,286910
1080p,test_001.png,1080,1920,2073600,1,4,max_tree_8c,161.780500,129164
1080p,test_001.png,1080,1920,2073600,1,5,min_tree_8c,166.245417,122539
1080p,test_001.png,1080,1920,2073600,2,0,residual_saturated_8c,4690.513917,251167
1080p,test_001.png,1080,1920,2073600,2,1,tos_max4c_min8c,719.597042,277219
1080p,test_001.png,1080,1920,2073600,2,2,tos_self_dual,712.565709,286910
1080p,test_001.png,1080,1920,2073600,2,3,max_tree_8c,160.278042,129164
1080p,test_001.png,1080,1920,2073600,2,4,min_tree_8c,163.571333,122539
1080p,test_001.png,1080,1920,2073600,2,5,residual_unrestricted_8c,3421.817375,251139
1080p,test_001.png,1080,1920,2073600,3,0,tos_max4c_min8c,722.112375,277219
1080p,test_001.png,1080,1920,2073600,3,1,tos_self_dual,699.376583,286910
1080p,test_001.png,1080,1920,2073600,3,2,max_tree_8c,158.645334,129164
1080p,test_001.png,1080,1920,2073600,3,3,min_tree_8c,162.630875,122539
1080p,test_001.png,1080,1920,2073600,3,4,residual_unrestricted_8c,3476.543750,251139
1080p,test_001.png,1080,1920,2073600,3,5,residual_saturated_8c,4710.020875,251167
1080p,test_001.png,1080,1920,2073600,4,0,tos_self_dual,705.326125,286910
1080p,test_001.png,1080,1920,2073600,4,1,max_tree_8c,158.431542,129164
1080p,test_001.png,1080,1920,2073600,4,2,min_tree_8c,162.820709,122539
1080p,test_001.png,1080,1920,2073600,4,3,residual_unrestricted_8c,3441.733584,251139
1080p,test_001.png,1080,1920,2073600,4,4,residual_saturated_8c,4704.039667,251167
1080p,test_001.png,1080,1920,2073600,4,5,tos_max4c_min8c,714.082750,277219
1080p,test_002.png,1080,1920,2073600,0,0,residual_unrestricted_8c,2548.596042,159157
1080p,test_002.png,1080,1920,2073600,0,1,residual_saturated_8c,3732.330792,159188
1080p,test_002.png,1080,1920,2073600,0,2,tos_max4c_min8c,690.327125,176956
1080p,test_002.png,1080,1920,2073600,0,3,tos_self_dual,688.935500,181133
1080p,test_002.png,1080,1920,2073600,0,4,max_tree_8c,164.216708,78502
1080p,test_002.png,1080,1920,2073600,0,5,min_tree_8c,169.884250,80956
1080p,test_002.png,1080,1920,2073600,1,0,residual_saturated_8c,3745.598917,159188
1080p,test_002.png,1080,1920,2073600,1,1,tos_max4c_min8c,700.467375,176956
1080p,test_002.png,1080,1920,2073600,1,2,tos_self_dual,680.890333,181133
1080p,test_002.png,1080,1920,2073600,1,3,max_tree_8c,162.482083,78502
1080p,test_002.png,1080,1920,2073600,1,4,min_tree_8c,167.857083,80956
1080p,test_002.png,1080,1920,2073600,1,5,residual_unrestricted_8c,2507.393000,159157
1080p,test_002.png,1080,1920,2073600,2,0,tos_max4c_min8c,692.819542,176956
1080p,test_002.png,1080,1920,2073600,2,1,tos_self_dual,685.750959,181133
1080p,test_002.png,1080,1920,2073600,2,2,max_tree_8c,162.095167,78502
1080p,test_002.png,1080,1920,2073600,2,3,min_tree_8c,192.154125,80956
1080p,test_002.png,1080,1920,2073600,2,4,residual_unrestricted_8c,2462.112166,159157
1080p,test_002.png,1080,1920,2073600,2,5,residual_saturated_8c,3735.271041,159188
1080p,test_002.png,1080,1920,2073600,3,0,tos_self_dual,675.055291,181133
1080p,test_002.png,1080,1920,2073600,3,1,max_tree_8c,160.896750,78502
1080p,test_002.png,1080,1920,2073600,3,2,min_tree_8c,167.760500,80956
1080p,test_002.png,1080,1920,2073600,3,3,residual_unrestricted_8c,2474.134334,159157
1080p,test_002.png,1080,1920,2073600,3,4,residual_saturated_8c,3866.293500,159188
1080p,test_002.png,1080,1920,2073600,3,5,tos_max4c_min8c,692.622875,176956
1080p,test_002.png,1080,1920,2073600,4,0,max_tree_8c,163.996500,78502
1080p,test_002.png,1080,1920,2073600,4,1,min_tree_8c,172.088167,80956
1080p,test_002.png,1080,1920,2073600,4,2,residual_unrestricted_8c,2466.009208,159157
1080p,test_002.png,1080,1920,2073600,4,3,residual_saturated_8c,3773.906625,159188
1080p,test_002.png,1080,1920,2073600,4,4,tos_max4c_min8c,691.708833,176956
1080p,test_002.png,1080,1920,2073600,4,5,tos_self_dual,676.960458,181133
1080p,test_003.png,1080,1920,2073600,0,0,residual_saturated_8c,7788.313417,223038
1080p,test_003.png,1080,1920,2073600,0,1,tos_max4c_min8c,655.111292,245918
1080p,test_003.png,1080,1920,2073600,0,2,tos_self_dual,669.254958,251659
1080p,test_003.png,1080,1920,2073600,0,3,max_tree_8c,160.358166,108648
1080p,test_003.png,1080,1920,2073600,0,4,min_tree_8c,162.221416,114966
1080p,test_003.png,1080,1920,2073600,0,5,residual_unrestricted_8c,3337.567834,222856
1080p,test_003.png,1080,1920,2073600,1,0,tos_max4c_min8c,653.637833,245918
1080p,test_003.png,1080,1920,2073600,1,1,tos_self_dual,665.934666,251659
1080p,test_003.png,1080,1920,2073600,1,2,max_tree_8c,166.429084,108648
1080p,test_003.png,1080,1920,2073600,1,3,min_tree_8c,167.772833,114966
1080p,test_003.png,1080,1920,2073600,1,4,residual_unrestricted_8c,3323.817084,222856
1080p,test_003.png,1080,1920,2073600,1,5,residual_saturated_8c,7852.002458,223038
1080p,test_003.png,1080,1920,2073600,2,0,tos_self_dual,669.592791,251659
1080p,test_003.png,1080,1920,2073600,2,1,max_tree_8c,161.538458,108648
1080p,test_003.png,1080,1920,2073600,2,2,min_tree_8c,162.545667,114966
1080p,test_003.png,1080,1920,2073600,2,3,residual_unrestricted_8c,3308.736333,222856
1080p,test_003.png,1080,1920,2073600,2,4,residual_saturated_8c,7801.184458,223038
1080p,test_003.png,1080,1920,2073600,2,5,tos_max4c_min8c,659.604458,245918
1080p,test_003.png,1080,1920,2073600,3,0,max_tree_8c,161.004250,108648
1080p,test_003.png,1080,1920,2073600,3,1,min_tree_8c,161.763709,114966
1080p,test_003.png,1080,1920,2073600,3,2,residual_unrestricted_8c,3346.449500,222856
1080p,test_003.png,1080,1920,2073600,3,3,residual_saturated_8c,7980.101833,223038
1080p,test_003.png,1080,1920,2073600,3,4,tos_max4c_min8c,700.343125,245918
1080p,test_003.png,1080,1920,2073600,3,5,tos_self_dual,673.206458,251659
1080p,test_003.png,1080,1920,2073600,4,0,min_tree_8c,163.250667,114966
1080p,test_003.png,1080,1920,2073600,4,1,residual_unrestricted_8c,3348.013000,222856
1080p,test_003.png,1080,1920,2073600,4,2,residual_saturated_8c,7989.149458,223038
1080p,test_003.png,1080,1920,2073600,4,3,tos_max4c_min8c,660.533959,245918
1080p,test_003.png,1080,1920,2073600,4,4,tos_self_dual,667.823709,251659
1080p,test_003.png,1080,1920,2073600,4,5,max_tree_8c,160.977542,108648
1080p,test_004.png,1080,1920,2073600,0,0,tos_max4c_min8c,724.830459,243882
1080p,test_004.png,1080,1920,2073600,0,1,tos_self_dual,674.620375,251752
1080p,test_004.png,1080,1920,2073600,0,2,max_tree_8c,156.661834,117401
1080p,test_004.png,1080,1920,2073600,0,3,min_tree_8c,161.566833,102660
1080p,test_004.png,1080,1920,2073600,0,4,residual_unrestricted_8c,3086.762500,219388
1080p,test_004.png,1080,1920,2073600,0,5,residual_saturated_8c,4448.201042,219506
1080p,test_004.png,1080,1920,2073600,1,0,tos_self_dual,685.212375,251752
1080p,test_004.png,1080,1920,2073600,1,1,max_tree_8c,155.965792,117401
1080p,test_004.png,1080,1920,2073600,1,2,min_tree_8c,162.917959,102660
1080p,test_004.png,1080,1920,2073600,1,3,residual_unrestricted_8c,2874.925000,219388
1080p,test_004.png,1080,1920,2073600,1,4,residual_saturated_8c,4333.174958,219506
1080p,test_004.png,1080,1920,2073600,1,5,tos_max4c_min8c,684.296375,243882
1080p,test_004.png,1080,1920,2073600,2,0,max_tree_8c,155.323459,117401
1080p,test_004.png,1080,1920,2073600,2,1,min_tree_8c,158.624125,102660
1080p,test_004.png,1080,1920,2073600,2,2,residual_unrestricted_8c,2870.526500,219388
1080p,test_004.png,1080,1920,2073600,2,3,residual_saturated_8c,4358.835500,219506
1080p,test_004.png,1080,1920,2073600,2,4,tos_max4c_min8c,684.753666,243882
1080p,test_004.png,1080,1920,2073600,2,5,tos_self_dual,647.372834,251752
1080p,test_004.png,1080,1920,2073600,3,0,min_tree_8c,157.099083,102660
1080p,test_004.png,1080,1920,2073600,3,1,residual_unrestricted_8c,2875.083000,219388
1080p,test_004.png,1080,1920,2073600,3,2,residual_saturated_8c,4489.414125,219506
1080p,test_004.png,1080,1920,2073600,3,3,tos_max4c_min8c,675.046417,243882
1080p,test_004.png,1080,1920,2073600,3,4,tos_self_dual,651.279459,251752
1080p,test_004.png,1080,1920,2073600,3,5,max_tree_8c,155.505625,117401
1080p,test_004.png,1080,1920,2073600,4,0,residual_unrestricted_8c,2896.459666,219388
1080p,test_004.png,1080,1920,2073600,4,1,residual_saturated_8c,4343.451125,219506
1080p,test_004.png,1080,1920,2073600,4,2,tos_max4c_min8c,677.393625,243882
1080p,test_004.png,1080,1920,2073600,4,3,tos_self_dual,654.213750,251752
1080p,test_004.png,1080,1920,2073600,4,4,max_tree_8c,156.182417,117401
1080p,test_004.png,1080,1920,2073600,4,5,min_tree_8c,156.668875,102660
1080p,test_005.png,1080,1920,2073600,0,0,tos_self_dual,626.507375,243292
1080p,test_005.png,1080,1920,2073600,0,1,max_tree_8c,148.413917,116162
1080p,test_005.png,1080,1920,2073600,0,2,min_tree_8c,152.245375,98204
1080p,test_005.png,1080,1920,2073600,0,3,residual_unrestricted_8c,2164.457541,213685
1080p,test_005.png,1080,1920,2073600,0,4,residual_saturated_8c,3375.188667,213699
1080p,test_005.png,1080,1920,2073600,0,5,tos_max4c_min8c,658.734041,235277
1080p,test_005.png,1080,1920,2073600,1,0,max_tree_8c,147.192459,116162
1080p,test_005.png,1080,1920,2073600,1,1,min_tree_8c,151.606500,98204
1080p,test_005.png,1080,1920,2073600,1,2,residual_unrestricted_8c,2191.314417,213685
1080p,test_005.png,1080,1920,2073600,1,3,residual_saturated_8c,3446.841292,213699
1080p,test_005.png,1080,1920,2073600,1,4,tos_max4c_min8c,681.820459,235277
1080p,test_005.png,1080,1920,2073600,1,5,tos_self_dual,634.988125,243292
1080p,test_005.png,1080,1920,2073600,2,0,min_tree_8c,153.917916,98204
1080p,test_005.png,1080,1920,2073600,2,1,residual_unrestricted_8c,2258.561042,213685
1080p,test_005.png,1080,1920,2073600,2,2,residual_saturated_8c,3524.408917,213699
1080p,test_005.png,1080,1920,2073600,2,3,tos_max4c_min8c,671.182042,235277
1080p,test_005.png,1080,1920,2073600,2,4,tos_self_dual,631.189875,243292
1080p,test_005.png,1080,1920,2073600,2,5,max_tree_8c,148.275625,116162
1080p,test_005.png,1080,1920,2073600,3,0,residual_unrestricted_8c,2241.825458,213685
1080p,test_005.png,1080,1920,2073600,3,1,residual_saturated_8c,3492.497334,213699
1080p,test_005.png,1080,1920,2073600,3,2,tos_max4c_min8c,660.926542,235277
1080p,test_005.png,1080,1920,2073600,3,3,tos_self_dual,630.239334,243292
1080p,test_005.png,1080,1920,2073600,3,4,max_tree_8c,149.629584,116162
1080p,test_005.png,1080,1920,2073600,3,5,min_tree_8c,153.110459,98204
1080p,test_005.png,1080,1920,2073600,4,0,residual_saturated_8c,3464.874583,213699
1080p,test_005.png,1080,1920,2073600,4,1,tos_max4c_min8c,667.887042,235277
1080p,test_005.png,1080,1920,2073600,4,2,tos_self_dual,654.458625,243292
1080p,test_005.png,1080,1920,2073600,4,3,max_tree_8c,149.677708,116162
1080p,test_005.png,1080,1920,2073600,4,4,min_tree_8c,153.043500,98204
1080p,test_005.png,1080,1920,2073600,4,5,residual_unrestricted_8c,2218.355542,213685
1080p,test_006.png,1080,1920,2073600,0,0,max_tree_8c,119.411208,49362
1080p,test_006.png,1080,1920,2073600,0,1,min_tree_8c,119.216375,41027
1080p,test_006.png,1080,1920,2073600,0,2,residual_unrestricted_8c,1565.206042,90080
1080p,test_006.png,1080,1920,2073600,0,3,residual_saturated_8c,2285.783834,90096
1080p,test_006.png,1080,1920,2073600,0,4,tos_max4c_min8c,583.392459,96582
1080p,test_006.png,1080,1920,2073600,0,5,tos_self_dual,577.211167,98045
1080p,test_006.png,1080,1920,2073600,1,0,min_tree_8c,122.337959,41027
1080p,test_006.png,1080,1920,2073600,1,1,residual_unrestricted_8c,1574.378000,90080
1080p,test_006.png,1080,1920,2073600,1,2,residual_saturated_8c,2307.789000,90096
1080p,test_006.png,1080,1920,2073600,1,3,tos_max4c_min8c,586.587750,96582
1080p,test_006.png,1080,1920,2073600,1,4,tos_self_dual,565.425166,98045
1080p,test_006.png,1080,1920,2073600,1,5,max_tree_8c,120.547000,49362
1080p,test_006.png,1080,1920,2073600,2,0,residual_unrestricted_8c,1536.360667,90080
1080p,test_006.png,1080,1920,2073600,2,1,residual_saturated_8c,2299.397875,90096
1080p,test_006.png,1080,1920,2073600,2,2,tos_max4c_min8c,585.829542,96582
1080p,test_006.png,1080,1920,2073600,2,3,tos_self_dual,567.493875,98045
1080p,test_006.png,1080,1920,2073600,2,4,max_tree_8c,119.743791,49362
1080p,test_006.png,1080,1920,2073600,2,5,min_tree_8c,119.856666,41027
1080p,test_006.png,1080,1920,2073600,3,0,residual_saturated_8c,2282.640417,90096
1080p,test_006.png,1080,1920,2073600,3,1,tos_max4c_min8c,586.906916,96582
1080p,test_006.png,1080,1920,2073600,3,2,tos_self_dual,563.957292,98045
1080p,test_006.png,1080,1920,2073600,3,3,max_tree_8c,121.251500,49362
1080p,test_006.png,1080,1920,2073600,3,4,min_tree_8c,119.171250,41027
1080p,test_006.png,1080,1920,2073600,3,5,residual_unrestricted_8c,1536.459250,90080
1080p,test_006.png,1080,1920,2073600,4,0,tos_max4c_min8c,582.898375,96582
1080p,test_006.png,1080,1920,2073600,4,1,tos_self_dual,568.909875,98045
1080p,test_006.png,1080,1920,2073600,4,2,max_tree_8c,120.817208,49362
1080p,test_006.png,1080,1920,2073600,4,3,min_tree_8c,120.496791,41027
1080p,test_006.png,1080,1920,2073600,4,4,residual_unrestricted_8c,1559.074959,90080
1080p,test_006.png,1080,1920,2073600,4,5,residual_saturated_8c,2271.619584,90096
1080p,test_007.png,1080,1920,2073600,0,0,min_tree_8c,143.585083,75094
1080p,test_007.png,1080,1920,2073600,0,1,residual_unrestricted_8c,2624.800959,174536
1080p,test_007.png,1080,1920,2073600,0,2,residual_saturated_8c,4659.172583,174576
1080p,test_007.png,1080,1920,2073600,0,3,tos_max4c_min8c,634.792875,192244
1080p,test_007.png,1080,1920,2073600,0,4,tos_self_dual,607.070833,197170
1080p,test_007.png,1080,1920,2073600,0,5,max_tree_8c,134.615875,99905
1080p,test_007.png,1080,1920,2073600,1,0,residual_unrestricted_8c,2603.187417,174536
1080p,test_007.png,1080,1920,2073600,1,1,residual_saturated_8c,4666.083000,174576
1080p,test_007.png,1080,1920,2073600,1,2,tos_max4c_min8c,638.220958,192244
1080p,test_007.png,1080,1920,2073600,1,3,tos_self_dual,606.819459,197170
1080p,test_007.png,1080,1920,2073600,1,4,max_tree_8c,135.327542,99905
1080p,test_007.png,1080,1920,2073600,1,5,min_tree_8c,140.017583,75094
1080p,test_007.png,1080,1920,2073600,2,0,residual_saturated_8c,4704.523958,174576
1080p,test_007.png,1080,1920,2073600,2,1,tos_max4c_min8c,642.918625,192244
1080p,test_007.png,1080,1920,2073600,2,2,tos_self_dual,604.445208,197170
1080p,test_007.png,1080,1920,2073600,2,3,max_tree_8c,133.966917,99905
1080p,test_007.png,1080,1920,2073600,2,4,min_tree_8c,139.956375,75094
1080p,test_007.png,1080,1920,2073600,2,5,residual_unrestricted_8c,2613.953667,174536
1080p,test_007.png,1080,1920,2073600,3,0,tos_max4c_min8c,643.069875,192244
1080p,test_007.png,1080,1920,2073600,3,1,tos_self_dual,609.970292,197170
1080p,test_007.png,1080,1920,2073600,3,2,max_tree_8c,135.955666,99905
1080p,test_007.png,1080,1920,2073600,3,3,min_tree_8c,140.350250,75094
1080p,test_007.png,1080,1920,2073600,3,4,residual_unrestricted_8c,2682.558834,174536
1080p,test_007.png,1080,1920,2073600,3,5,residual_saturated_8c,4538.824250,174576
1080p,test_007.png,1080,1920,2073600,4,0,tos_self_dual,601.669917,197170
1080p,test_007.png,1080,1920,2073600,4,1,max_tree_8c,135.490458,99905
1080p,test_007.png,1080,1920,2073600,4,2,min_tree_8c,143.993833,75094
1080p,test_007.png,1080,1920,2073600,4,3,residual_unrestricted_8c,2598.789125,174536
1080p,test_007.png,1080,1920,2073600,4,4,residual_saturated_8c,4571.016083,174576
1080p,test_007.png,1080,1920,2073600,4,5,tos_max4c_min8c,634.845083,192244
1080p,test_008.png,1080,1920,2073600,0,0,residual_unrestricted_8c,1451.717208,115980
1080p,test_008.png,1080,1920,2073600,0,1,residual_saturated_8c,1952.875584,115980
1080p,test_008.png,1080,1920,2073600,0,2,tos_max4c_min8c,629.390083,128822
1080p,test_008.png,1080,1920,2073600,0,3,tos_self_dual,613.504334,132447
1080p,test_008.png,1080,1920,2073600,0,4,max_tree_8c,129.526167,61209
1080p,test_008.png,1080,1920,2073600,0,5,min_tree_8c,132.534041,55093
1080p,test_008.png,1080,1920,2073600,1,0,residual_saturated_8c,1870.361792,115980
1080p,test_008.png,1080,1920,2073600,1,1,tos_max4c_min8c,618.202584,128822
1080p,test_008.png,1080,1920,2073600,1,2,tos_self_dual,606.734125,132447
1080p,test_008.png,1080,1920,2073600,1,3,max_tree_8c,130.488875,61209
1080p,test_008.png,1080,1920,2073600,1,4,min_tree_8c,132.876125,55093
1080p,test_008.png,1080,1920,2073600,1,5,residual_unrestricted_8c,1421.578000,115980
1080p,test_008.png,1080,1920,2073600,2,0,tos_max4c_min8c,621.264167,128822
1080p,test_008.png,1080,1920,2073600,2,1,tos_self_dual,606.018125,132447
1080p,test_008.png,1080,1920,2073600,2,2,max_tree_8c,129.102458,61209
1080p,test_008.png,1080,1920,2073600,2,3,min_tree_8c,133.061625,55093
1080p,test_008.png,1080,1920,2073600,2,4,residual_unrestricted_8c,1448.033208,115980
1080p,test_008.png,1080,1920,2073600,2,5,residual_saturated_8c,1879.914458,115980
1080p,test_008.png,1080,1920,2073600,3,0,tos_self_dual,608.436417,132447
1080p,test_008.png,1080,1920,2073600,3,1,max_tree_8c,129.183542,61209
1080p,test_008.png,1080,1920,2073600,3,2,min_tree_8c,131.495875,55093
1080p,test_008.png,1080,1920,2073600,3,3,residual_unrestricted_8c,1414.804542,115980
1080p,test_008.png,1080,1920,2073600,3,4,residual_saturated_8c,1894.018250,115980
1080p,test_008.png,1080,1920,2073600,3,5,tos_max4c_min8c,619.825292,128822
1080p,test_008.png,1080,1920,2073600,4,0,max_tree_8c,129.760416,61209
1080p,test_008.png,1080,1920,2073600,4,1,min_tree_8c,131.588750,55093
1080p,test_008.png,1080,1920,2073600,4,2,residual_unrestricted_8c,1416.513583,115980
1080p,test_008.png,1080,1920,2073600,4,3,residual_saturated_8c,1868.569125,115980
1080p,test_008.png,1080,1920,2073600,4,4,tos_max4c_min8c,619.477166,128822
1080p,test_008.png,1080,1920,2073600,4,5,tos_self_dual,606.373208,132447
1080p,test_009.png,1080,1920,2073600,0,0,residual_saturated_8c,3384.231791,197337
1080p,test_009.png,1080,1920,2073600,0,1,tos_max4c_min8c,641.268083,212880
1080p,test_009.png,1080,1920,2073600,0,2,tos_self_dual,606.906333,217428
1080p,test_009.png,1080,1920,2073600,0,3,max_tree_8c,139.861208,114571
1080p,test_009.png,1080,1920,2073600,0,4,min_tree_8c,142.325709,83181
1080p,test_009.png,1080,1920,2073600,0,5,residual_unrestricted_8c,2229.412875,197336
1080p,test_009.png,1080,1920,2073600,1,0,tos_max4c_min8c,644.965208,212880
1080p,test_009.png,1080,1920,2073600,1,1,tos_self_dual,620.671917,217428
1080p,test_009.png,1080,1920,2073600,1,2,max_tree_8c,140.035750,114571
1080p,test_009.png,1080,1920,2073600,1,3,min_tree_8c,142.213583,83181
1080p,test_009.png,1080,1920,2073600,1,4,residual_unrestricted_8c,2239.599583,197336
1080p,test_009.png,1080,1920,2073600,1,5,residual_saturated_8c,3429.251125,197337
1080p,test_009.png,1080,1920,2073600,2,0,tos_self_dual,615.001125,217428
1080p,test_009.png,1080,1920,2073600,2,1,max_tree_8c,140.368834,114571
1080p,test_009.png,1080,1920,2073600,2,2,min_tree_8c,141.977708,83181
1080p,test_009.png,1080,1920,2073600,2,3,residual_unrestricted_8c,2270.089500,197336
1080p,test_009.png,1080,1920,2073600,2,4,residual_saturated_8c,3362.600375,197337
1080p,test_009.png,1080,1920,2073600,2,5,tos_max4c_min8c,652.637792,212880
1080p,test_009.png,1080,1920,2073600,3,0,max_tree_8c,141.883709,114571
1080p,test_009.png,1080,1920,2073600,3,1,min_tree_8c,143.674500,83181
1080p,test_009.png,1080,1920,2073600,3,2,residual_unrestricted_8c,2231.194417,197336
1080p,test_009.png,1080,1920,2073600,3,3,residual_saturated_8c,3370.591500,197337
1080p,test_009.png,1080,1920,2073600,3,4,tos_max4c_min8c,646.466250,212880
1080p,test_009.png,1080,1920,2073600,3,5,tos_self_dual,606.004667,217428
1080p,test_009.png,1080,1920,2073600,4,0,min_tree_8c,141.870500,83181
1080p,test_009.png,1080,1920,2073600,4,1,residual_unrestricted_8c,2215.431792,197336
1080p,test_009.png,1080,1920,2073600,4,2,residual_saturated_8c,3408.098917,197337
1080p,test_009.png,1080,1920,2073600,4,3,tos_max4c_min8c,660.269209,212880
1080p,test_009.png,1080,1920,2073600,4,4,tos_self_dual,628.055583,217428
1080p,test_009.png,1080,1920,2073600,4,5,max_tree_8c,139.249000,114571
