resolution,image_index,filename,width,height,sha256
480p,0,val_000.png,853,480,58a401029fb86481c62c534931de583c4dacecadc22ff481c90a990450360267
480p,1,val_001.png,853,480,16e00fed5e754856435690f5ac27ac24b44da07db695b7e9f3f162637c6cfa4d
480p,2,val_002.png,853,480,243560cddfea023f96e872aa3c0919896bea2a1b14fcf6335b49e409e98eb0e4
480p,3,val_003.png,853,480,4444ac0434e7449990c074819d71902ab35021d33b83e36b2b916cc2db129466
480p,4,val_004.png,853,480,6792e25110ce95f24d1277a396b791f170757e8c1691aeee0f2304650dfac265
480p,5,val_005.png,853,480,381e09c64bfdf7b95a0487dce3701ed0ebbca6f6ff6f3b95e3fdf446e1691b89
480p,6,val_006.png,853,480,98b2b0632e64da7c064eea172eacf64d4526e8e178a91037f2c70933f8feea3c
480p,7,val_007.png,853,480,c30166acb04f6117f6ed93463cecc59655af4cac222f6f47304037496727920d
480p,8,val_008.png,853,480,90c9ebd3a267fbd0bbff7f3be38fc527ea0841068fb5d5bdec3431b603455bb3
480p,9,val_009.png,853,480,6708f99e26093778aceb2d60f7ba620b8df29f43a78d4df4804655ae8a6922b5
480p,10,val_010.png,853,480,14e971cbac5906272f8c94116e5009220cef7e0704589ef58b04c9569596536a
480p,11,val_011.png,853,480,d9069b072a83ff59a53f0f5bc271945f4802fd9a266c55ce82454a25b0ce886a
480p,12,val_012.png,853,480,86e80df4b3489aaad1f9443ec493000c3eb484e433cdafd272354ac5ae44de4f
480p,13,val_013.png,853,480,29c01b7b51b0f39aa88672e9bd5c6225305b692e05e20fe475334924ef34571d
480p,14,val_014.png,853,480,662707dc30b5c9970de7c593abd6ce2fead485059c138875465b36af7fd78558
480p,15,val_015.png,853,480,59411f94ba464c1e05de4fe324c95a3b3c6406ff3cf38e6d684ce71079036b1b
480p,16,val_016.png,853,480,35dee62ad60f71aed3e69783e0c992c951ef1db3efd12db1486a86e633ade05e
480p,17,val_017.png,853,480,5d7c846c8db74de850892910c7edef29f6406d40c73db2b4509b19658c939cf8
480p,18,val_018.png,853,480,4c21f7bea52f7bf49021ec58a31c2b1f92d240df1f5ee954bda54295e0fa758a
480p,19,val_019.png,853,480,213b8bac67d9e6c7ed8a0064120c50dde8e9e1bf05925695c22bf617a4038285
480p,20,val_020.png,853,480,26e130de1098c4bfb681f355b91766f71dff527618b7c7fdc36f61a70d214b55
480p,21,val_021.png,853,480,5a3facc893d315d98c771d0b8892423de434c8c7901046aa29847f05a5e6e36b
480p,22,val_022.png,853,480,cd5219fcc7d714efe73f27c502e912eed48246bed68bd3a2f329c55a228cc9ba
480p,23,val_023.png,853,480,7672daa203d74e3a6e30f7e681dc52a3a2ec439ad28994bd64d3b8ae1bd62835
480p,24,val_024.png,853,480,3e1d6133e5e0ca01c4c78c7c23f22799e5ad7f772aef59a82053a9a0ac7d8970
480p,25,val_025.png,853,480,ebfd6eddf1cbf45e38f243cc20999f95cab1349dda2d23a9f107ae2fc40631b1
480p,26,val_026.png,853,480,cf30e2437a01902922ef0c573ff43d509d55b81f30c60c74b8c5004a854c5eae
480p,27,val_027.png,853,480,382f2f5b068caf41dedc7f0348255c9d5141ba0bac8addc60393a199a445f547
480p,28,val_028.png,853,480,aba7eb93aada8fb042540669370f4a413e132c1c71ca99cda7f183c990ce927e
480p,29,val_029.png,853,480,d963b28120ad1361ca0e17f13ed3748218dabd7a950203084a5d9bf9b59a771e
480p,30,val_030.png,853,480,24aa21688b4b8cb3d90291e5e4d014651947c08fae71c243d913a82fb352ee1e
480p,31,val_031.png,853,480,c4faeb7e6eb58c8c9d5d9a857bc3f6645f0f8aaa5d6a0d6cb8a0b05dbf0b284d
480p,32,val_032.png,853,480,806ee76e16f798f658f72debef83148a312215adeef1097b269a883303c573fd
480p,33,val_033.png,853,480,9b41566ea38d799557231dc43696c784b5b5eaa468ff7a0b364048482c7aa800
480p,34,val_034.png,853,480,e1db389bfcbb647fa517114a85fcb8a6250ec173c25968af7422279a0fa41750
480p,35,val_035.png,853,480,a2b71aaf19e11828ece36485b58f766fc8e1dd1e80fe381ad6e3c7e1be62eadd
480p,36,val_036.png,853,480,412b2e737401b84771b188b52f30b11689438fb9fb0dce722c0057aa377030ad
480p,37,val_037.png,853,480,0e67d316117046f97f8420274fe3e26fc8d4722dd9b3de2b18b7515a4d161e8a
480p,38,val_038.png,853,480,89e82a882201035c2bfdbb56505181f2e53aaf986f3a6944e2beb22c729bcfb9
480p,39,val_039.png,853,480,5d8d456c11ae2af093e3de36b8eb92c306adaebef097bd1699367a5f41bfc02e
480p,40,val_040.png,853,480,e68444cf9742b4ab17aa84ea01e4f42b70372917d3c941548b696210c59920fb
480p,41,val_041.png,853,480,eb75223cad9365590a8aaf3550d20929bf56246b77530b1e66af944e6ec9636b
480p,42,val_042.png,853,480,4b9010e78d3a17d8bba4efaedec845e2b84e91481d15ce46aa1716f6f95a0f60
480p,43,val_043.png,853,480,b0dccb5f561a85074bf01fa1622910c004679d71bbeb47f539657b2dc3701b03
480p,44,val_044.png,853,480,819882c6861c85e1da7dcea4bc4f3705681190b4a7df3f0553a92a32493bbdb4
480p,45,val_045.png,853,480,eb92db0b36be7ac9040718dddf3ae42ef0025ebc02b52e23f4991bff43f51650
480p,46,val_046.png,853,480,2c4c703bd91610cd614950d875498c0f3844eecc5cd617ec1015ae199a06af4e
480p,47,val_047.png,853,480,ef74d26a321ea44ca4c4622e0014825f180a18e48176b78f8e8cab9d5ed432c7
480p,48,val_048.png,853,480,575d14f2ec8a9a6fa4e6442a2d0b386dd20e3154772def42f9fe793a2b2a39ec
480p,49,val_049.png,853,480,3946a7fe2d150c73519955755105969b6cf5c252d9f10807ba7c3a1f77b3c070
480p,50,val_050.png,853,480,100b39f0bebc167e847a395885e246b782ce0c3a91d04dc55058f84f280eb26e
480p,51,val_051.png,853,480,0fac1befe9f67fed67a4d6f08a330434c95fa26ca5fb632cbf16a016aae2aa6d
480p,52,val_052.png,853,480,0e1647fb38a57657c6df40825ddf6e72f4fae8794ae1c896fefe29072c84173e
480p,53,val_053.png,853,480,528a05db5f08a2fc3456189acbbe13158b40fe60fe28d0f08b38fb1dc59779e1
480p,54,val_054.png,853,480,a4a48fe8f1c7cc3363490705ee083d8906ebc0a3ad45391a42c541c9c7e604dc
480p,55,val_055.png,853,480,73abf98bc72329e45e49b41e3870119cb48469008a7d4521a20efac7bb269b27
480p,56,val_056.png,853,480,17ffcf309be32e116b095f7c8d53ee619cde2dcf25b4f511a1225fc8091d576d
480p,57,val_057.png,853,480,e89e54f6f4f4deafb818a9f513f6d265ec2d7d4fb02cff26baf895b25ebe537b
480p,58,val_058.png,853,480,c06f19a0aae876099fd0b071ba21c8f99c3cef9e52f7fbc84640c0a0555e624e
480p,59,val_059.png,853,480,97dc512484ef3965ad51cf11121a6867f842695dcb6915291ac302740736efbd
480p,60,val_060.png,853,480,66014cb64105240b2d9d8c41f4d1f7d563891f75603779a52bf8bb13b78a8af4
480p,61,val_061.png,853,480,da850f75caa392c2e874bf697590ebfc8abc6e69cfc18fb7b8dbcb5f57765ea8
480p,62,val_062.png,853,480,b049c6fd7b6d059ac63957b27b4299f73a4a051c48e912abb5b2b52ee1095e4b
480p,63,val_063.png,853,480,388c05f94a63651315d0f2877a3f2f8d9c75a2a2c1cd54ccc0ced5a03436856a
480p,64,val_064.png,853,480,5722c36fb6b38782f3b7ae5e0ac6ecedcfdfa99fc438c9740ba311601372f196
480p,65,val_065.png,853,480,bf6a564939c73c92b3406658dee80ea4e6c1229ff49bde6db73b0630e8317316
480p,66,val_066.png,853,480,961f4134948c2eedfbd8e50591699ca2a1bb07d71de4a38a21cb91101b9bc3fb
480p,67,val_067.png,853,480,da68e258d8d9673fdf60e8ab56066526b9146de68acc9d4687ce87e06f10f23f
480p,68,val_068.png,853,480,c1bd83420c88bc3a928254a0c715388d9fcedd2ffa112ba031b0b424b31beac8
480p,69,val_069.png,853,480,1ca0c3d1a7b3486f27ab4b7545d06612427db4e635b3795fa5fce757b83abaaf
480p,70,val_070.png,853,480,537c6edc6899e90ec1a66341c9f3ffd23a8ec81cc602c94993a7269ea086fa7f
480p,71,val_071.png,853,480,5dfcd7b8da21414618dac1d4687d6d88af68a01fb272a14ab09f1f85854f198d
480p,72,val_072.png,853,480,f4c9d2ad1fc0e4b1974854f46301365e1f23c8d32dbe27fae2aa99ea9e0da20f
480p,73,val_073.png,853,480,81df8f7791a548dcfefe377d5e261e831ca1448befbe2a43f6caf11aba80d7a1
480p,74,val_074.png,853,480,9bd9db69b3cb2e4c7897cdc59a4c94a4430f40ea386cf20aa2c74599cb96c328
480p,75,val_075.png,853,480,5fa1a9895bbe27d63ee87cba5abb99d561c1729fa4802842a478dfede72ed1e8
480p,76,val_076.png,853,480,c73bc218022805ce5138e20fa08763f440418065e8b2b512d66127776ddfce71
480p,77,val_077.png,853,480,b9c29099dd927d2b576ccb5d2611787e1ec452a5df1083c3b004a29ecbf16440
480p,78,val_078.png,853,480,f4dbd4f3df88e1e04118cdc390acad5bf9116b022885c4d5c50b29b147fd9c62
480p,79,val_079.png,853,480,61184b4f907969b4c22e128fbecbd4ec88484a1292fca7878959d06faa6ab56a
480p,80,val_080.png,853,480,8aea83c77e3e642c08b38b66fa7e3739a17c44a5e627e31cddcd52fd5efedb36
480p,81,val_081.png,853,480,61753217fbdc5da2e7a10478ff417d995adcea5fa7d8639a61b2c32602be7501
480p,82,val_082.png,853,480,c4cbfa74cb1fedd883835a8eb48dd9c50f821ec55db686d92c580515f6ad4e08
480p,83,val_083.png,853,480,9776834efec70841bfea45db2e62a8a2a71f4f9a0f8a7a6cd806e8689891ee06
480p,84,val_084.png,853,480,f4d738af3fdf142a85cc06f5607a170918a2b60c1d6f3a81251c6fe8559109bb
480p,85,val_085.png,853,480,190ddde4bab1bd135edd197ae6630dc00959af48d814d62fb6ac2be920500e11
480p,86,val_086.png,853,480,6b99854a0a6ccfd5f99aae5f8dd1ffc1df3131c4b374a24376f8a5667540b838
480p,87,val_087.png,853,480,a5dd19fd2d5a3895d186f058ce0760ebd58ce902c2f6755c6ad7c316c223fa68
480p,88,val_088.png,853,480,ebc27d6fe38540698eec8a8348bc0269e8ce6cc1a0eadbe015af130a6d5a90ae
480p,89,val_089.png,853,480,035e211217fa62308d5c3c1a83994737bcea0bea73e3a14523d80dab8a48672a
480p,90,val_090.png,853,480,185e15b67c7578aac29c335ba67294f2bdca57f787be179ad04d15626c99e6d8
480p,91,val_091.png,853,480,2f1f86101aaa00f273dfcd3a5b8ac9eba5471bf8e977f707985086cb47e81302
480p,92,val_092.png,853,480,b93f6ca057467ad075645df2b124076f0e81433eab351f5784dd8f1d63a518bd
480p,93,val_093.png,853,480,adacc127227f996988055356e5f7b36098384aceaefad4a38fed095b89a9423f
480p,94,val_094.png,853,480,01cc83be03fcb2bffe55c27d2d3824bb072f9aaecd836aae2fea8711aa8af8a5
480p,95,val_095.png,853,480,9ebe7aa782c70fcf749f7057f7753b38107614a1b22adacdca1c1e3614e83f58
480p,96,val_096.png,853,480,3f2ecaae0740f6265afaa21b359cdc00fcbb39d925a1903cfb5e1305c40a51cb
480p,97,val_097.png,853,480,6ba023d8e5965331b6d8f23a46a3e42b1ce42d549bbbe07c3d20539622ed63c8
480p,98,val_098.png,853,480,b7437b513d194dbd71a2d6444111b14ea15beb51e714a5c857896fad5025e7c8
480p,99,val_099.png,853,480,212d886c0dbff05479840806bf19462560c4d10447d54cbd831acc77b55cffb7
720p,0,val_000.png,1280,720,2ad70cce8a82b6756f22571151fecd4e90e5875db11ded79627e798cc257d863
720p,1,val_001.png,1280,720,5eae3396237414ebd2759e32579262246d7cf42c1ceca7c9cc21603e27a67fce
720p,2,val_002.png,1280,720,7917b6727bb03a12d79ef476bd1a8c9f70546872dc7ab94fa73ef34ec89bf4ba
720p,3,val_003.png,1280,720,e31b230b595365148821da2364b8d9766a9b1ea6d76cabc6d01ac400cac89297
720p,4,val_004.png,1280,720,b4b27894fe6f2356156d5904dc2339dbf05a852dc4a0e7042affbc68016cc97c
720p,5,val_005.png,1280,720,4ab177453d0a30c0f5de99e0ab600ec9be134694200fd1880d949fb7f91c63b2
720p,6,val_006.png,1280,720,b4bb04d8c80bf32c39b70aa349094e893343ec9ec10b551a9c70111271ae585e
720p,7,val_007.png,1280,720,b0a79d80043ef5261bb315a450dd2e6ec7979498e344fad012ba7f7b3c1cc97f
720p,8,val_008.png,1280,720,7aa7ff7e9f5ddc597521f207badbe7ae70db71b6d518c456d349edd352f27ae3
720p,9,val_009.png,1280,720,bff50cdc51829870401711bcff3a089c047a0007c3eac685da59038e7e3ccb7e
720p,10,val_010.png,1280,720,65bff635036382a0c95c073bf7777114861de6cda6fd592cdb16672bd9955aae
720p,11,val_011.png,1280,720,dc4b468b71bd486d7c70da9ebb2ee8ea43973b031b1cc9b7c5d04eb98b8153c2
720p,12,val_012.png,1280,720,1a3b6649444e8d62863869dbd58796bbd9e5bac1be1244025d87540c3c144439
720p,13,val_013.png,1280,720,125a8513ea2c4f690c92d33b26e24bda0f51ec0fcbac4725aa149b09bad64e4f
720p,14,val_014.png,1280,720,a84fdb8f99c813d24fa823527175ed68a0a9db18296c8a21e65ada7bb8011d49
720p,15,val_015.png,1280,720,09d879f1644ffa966e5959806e283817126540ccd78d1a19af30408837827369
720p,16,val_016.png,1280,720,fdb86a0d30fb233c326541eb5c75ab79df0f437bd26fc9c325c51ba90994e91d
720p,17,val_017.png,1280,720,5e4632c277b3fc7fc80f26d97d4b49aa380ca554a60f6494034753700e61df78
720p,18,val_018.png,1280,720,da92bf21e8f856f1b44241860d7be3f7c0935988fd78923fefdc5fd8de973d3c
720p,19,val_019.png,1280,720,28d8a1f190aacbc5e0b44ae509012e5e54ebe6589a95a23b985a5c53065d551b
720p,20,val_020.png,1280,720,185f018cb5129d2c2e33c3e7f350cdc525f4278e47d9a8256725ddb4baa17f9b
720p,21,val_021.png,1280,720,260cab00d87627fbddaf3f6ef7c8cc462fc29055e979eb63530e5b2b26583c95
720p,22,val_022.png,1280,720,f30182a01b7918d879564095f9f28e38cc7945a887dda8d7dbf5999648acbe28
720p,23,val_023.png,1280,720,acdd8f145fcb7fbc8b00e648ca48d41e9c5a65197a8960e5061bfd61fc5af743
720p,24,val_024.png,1280,720,3c83534fd6fa9c9b437e7465b084f1b07c7a2a25153007035d2f2d009bbb00e2
720p,25,val_025.png,1280,720,2185efde8de10da5c5b31db27e0b7c0aafa3cd01605e3e6801ba73b3c06b472f
720p,26,val_026.png,1280,720,e86bd4e08083f82547b3b666fa6e7c899cb344bbfb4060ab0261ced0e96765fa
720p,27,val_027.png,1280,720,6debd749f12f2baee21b64403e5e00f621282288524419d996efe858a0138d7f
720p,28,val_028.png,1280,720,32c2d16c3fe5ae5006b6df7149fa9647c534dbef1770c5cea76ec298d2a9ce7d
720p,29,val_029.png,1280,720,7dffc821e7bfd625dfaad63c95abaf9e831c52188cb95d450d1feee486239b41
720p,30,val_030.png,1280,720,1c180b8ac33eb05a03793cc2e349534d2c8b7c19ea86f10d5ae694a1843d0fa8
720p,31,val_031.png,1280,720,b6835175152534c53d8573e89cda3cdfea0457503befc494ad3583bc79646400
720p,32,val_032.png,1280,720,58af51f896642e75cea34ae53f4e4a9ed80b936a048fa6c2c9b48d3ab2fbfad9
720p,33,val_033.png,1280,720,58f2ad4b43a1561f0e0de915c3668bbcbda4d3f141dd131c80245565e1a00d46
720p,34,val_034.png,1280,720,17248272fb2800202bc93c8ac9e9898029fe8de1c468bf93bbfe4e1e11bb5614
720p,35,val_035.png,1280,720,e1064bb1f38d150b4d47576d3a620d9aef55ee66ba5ab731f39ad6461aecbef7
720p,36,val_036.png,1280,720,8cb8df2e7c43b61dbad6e741dba549f4acaa102a96901b258bc90712cb9a1f27
720p,37,val_037.png,1280,720,5b527769bc5bbceada88cc0b9ac36cd4c7fda089de80a53abb1156c158baaa33
720p,38,val_038.png,1280,720,3a8007c4332248b09343d54f94daf5717b841db8d654aa98411ba92abc9fd41c
720p,39,val_039.png,1280,720,7e866465ca3d7d23d80522e851ef02c8aff069830f874102a8efa5e253c99d7b
720p,40,val_040.png,1280,720,cbcbf37f018493ff37ddb91af3c7fba95659c5d4f5f192cece668b052b97c17a
720p,41,val_041.png,1280,720,85dad3d751df95c38914b807bb919a63f8027236bbf9de605f0f4a8d90fc3b4d
720p,42,val_042.png,1280,720,e2d481327bd55d1ebce4661c65b285ddfd0548bf6329da36f1d07784a71156fb
720p,43,val_043.png,1280,720,a8174889be8fa2ffb38bcec0c366c6c12b1649aca3057718e1dc4dcdbde44363
720p,44,val_044.png,1280,720,64a27a476d34a4f9fb45ef07ea457cf679457571f3965ec31828022d58ca22ed
720p,45,val_045.png,1280,720,1e447e1eccd254d8c54808fb04964701f02986d85a4f37f4caa4fc66d725114d
720p,46,val_046.png,1280,720,9ac0c00c3f5ca4c51b70d59cb6322fa3641fc256bab8a3ce0f6a7a552a60ced5
720p,47,val_047.png,1280,720,b60707a23692dc8c2487001e455c27f44038d3f6fa2a08050e0195fa797694af
720p,48,val_048.png,1280,720,0136098e6817461ed5a3d6e3e08acb019988f43accc8ae174b0db00c943b9039
720p,49,val_049.png,1280,720,46b9b91c36dae06d749fbb47eaa331a91c3a33606181346cfd5d788310c0b179
720p,50,val_050.png,1280,720,1160711987332b5b099a4d88b66ad3ee6f08ffa294217dd7091ce1e3e9685f6d
720p,51,val_051.png,1280,720,1a2051c4b3e60ff7ab8cacfb8b4be1f0a26b536205aa39167e7553b1c80cb49b
720p,52,val_052.png,1280,720,8b1288a5bc1976499620738bf80d7c4155d32d32f81b997fd9fdf71809f2f9b9
720p,53,val_053.png,1280,720,162995b8f4ac6c9ca7bb2a773df5f3c62b1799e6113fcf0744e104ec8c92c674
720p,54,val_054.png,1280,720,674378af3faa44a22a463a295ca2b91977bdc79d9cb4c93eab112a5ea0b40b60
720p,55,val_055.png,1280,720,f4217267e6d9efac0f5c646875d86629c05cb8dc32776e3bab30cdbd653240bb
720p,56,val_056.png,1280,720,b7c687314de86343f641dbd39ab6a5ed8d44da65f662b0b70e8ccc2e70599949
720p,57,val_057.png,1280,720,c1e96f5739b266be1df31ceb430f69881908e75579bbda5455bca5ab1c0f6843
720p,58,val_058.png,1280,720,d6724b1c06d54adab0eb022e8953daed35852df59a471c7b9d81efb5b8ccabf8
720p,59,val_059.png,1280,720,6509e8df97b99519c4f9e8cac310549ed4854dbc2986bcf99c97d3a1d14ad0b1
720p,60,val_060.png,1280,720,b89978a8a3d7b4ae83e0249601c90133c242a82947f61ab1b16a80d2904e3ff4
720p,61,val_061.png,1280,720,5dcc24603b2ef1fed5d3d7f3c529ead9c5a88e426ac3d9c483832104f806d152
720p,62,val_062.png,1280,720,59880764296a5fbd06b1fa77693cf806b2b2e5992aa003af6a1ae816e9832a85
720p,63,val_063.png,1280,720,e4536b0ea2d35daa842b55d06416856fef05a848f5c69813ac3a1987e53935e5
720p,64,val_064.png,1280,720,937c69ca42873bde5eb0e38b2e77d06343b4d0c972c5153b6749fe8ccbf50f14
720p,65,val_065.png,1280,720,ef4713cddd7fd152c042f56b9cec7299a4e8c2786022935033fea5b47dc2ed41
720p,66,val_066.png,1280,720,33385ced419a1c7c1c0fe9aebd76a7bb460bfc1d1c646bdd39b284e2c598575c
720p,67,val_067.png,1280,720,1ee5b290deb289828db9a082b997cf0d90c6c01117df8d3881a4170176f74a22
720p,68,val_068.png,1280,720,14d2a5421015459773b257e8454abcf3a2c2634fb9ca06a476ecb727fec189e2
720p,69,val_069.png,1280,720,716dab752c0d0c92d0e0ca0e151b300749772c5594730a998dfbcb3ca4f75038
720p,70,val_070.png,1280,720,792f8c603e996ea23453895fbc0fd53dcf612cc27392f7f91ad19819fe00ef80
720p,71,val_071.png,1280,720,8c657cbbae35ad38c9c887e6c5c0de986c8452db37fb4b64c23b443036fc64e1
720p,72,val_072.png,1280,720,12733ec706e4239e2a3d5a53b87d7319933b9189fdac0d3081cbf264ec06a7b6
720p,73,val_073.png,1280,720,b32accc62846bc280ebcefe5ca1f680e3af3bfbb4d2f4c1558c680035d6b6b55
720p,74,val_074.png,1280,720,5d257e0f4f23588403f7897226afae8ef6b13e31c0b01e6ec0617c6d02115f6d
720p,75,val_075.png,1280,720,a700bbbc850cb269dad8d41455c746448b43eca62b191cc9083cf3916378d5f8
720p,76,val_076.png,1280,720,92d82021fbc8b2ca5d7e8e02f6ba419afb77b0f39314d8c08bc31d2d6e61aca0
720p,77,val_077.png,1280,720,7fd8c9b7e8799392de71eb44af6d94465d4fe63790fc154c7a62cd7eeba435db
720p,78,val_078.png,1280,720,51eefcbb8c12e91543a3548c9f76eee54b22c4074d90894de88eaa92b6b28b19
720p,79,val_079.png,1280,720,1319a871951f8022c04a8d7c470eba34485e4eb607c0bf7f6bee9031dbb50dda
720p,80,val_080.png,1280,720,f4d772708cc2033419805e6881f9f306a0b4d692c1dd8806680d4b6342d8d035
720p,81,val_081.png,1280,720,e9b897fede5501d92dee9fbaf7d53bff5ef55e316d9d68751e465089bcb08008
720p,82,val_082.png,1280,720,34a2e97f1cafebb97b3a4b2159de85575e9202167da286dc178f4acd891fb9f4
720p,83,val_083.png,1280,720,e6a25b4dd9f488a5cc51c3fbcdf90866942c8eb7751f54756e9de8998a6a5db5
720p,84,val_084.png,1280,720,c53f4133de2b1ab0be4ccd99c9055d7c6d330d4c7ac032e2466218b49adffed9
720p,85,val_085.png,1280,720,44f5b5e78b2a377ea3807e8bcf91917cfbb4cc137cf77ead8e986a7732811227
720p,86,val_086.png,1280,720,84a1008bde3dcd8f2bfd4b5eb4bc2f7460f1548f709c9fa62a5aca1b9ae6f8c6
720p,87,val_087.png,1280,720,aa1118e9f9e318c56bf50042bc73c70d6f33fa712f702494975896f409795ce9
720p,88,val_088.png,1280,720,61322c8fb1b80177a747db59c038212ae1d5907905ddd6473f4318acccd45f20
720p,89,val_089.png,1280,720,24b8421f673570c7b97209eadb4829b41206a4eac92a7abca0cb634a2afbca4c
720p,90,val_090.png,1280,720,3652bd0edf851788c01c264ade8015e51f12a86355ac53a89b0883a49a61a785
720p,91,val_091.png,1280,720,eecaf8811f37591e9da88339e63720e32b77dddb975c2b73c25e9751707e2373
720p,92,val_092.png,1280,720,3fbfe04e0aeeb44715e6396da6fddec287cd82d9ba76c198e30e4c3d4ac2a0db
720p,93,val_093.png,1280,720,005765ac853ef7537f736def69e6edd3ac13ebc8392d0e38ddf7e8d13d6a344b
720p,94,val_094.png,1280,720,817920f54d587387921238f3da99a526a020b4fd008777c491bdeb0130cd172b
720p,95,val_095.png,1280,720,d3420a637572d3704f5be5346354c4d027a6ea2efcd4219324f0d8bd6ac819a5
720p,96,val_096.png,1280,720,3fecfb1ac91256f067d30268e2b7a0bdc60a5e413a366877fdf29ec29ca79c3c
720p,97,val_097.png,1280,720,e5dd529cab82980306b1e5a1b184a3b106f27da65988f180c9ee0d6cc905fb24
720p,98,val_098.png,1280,720,9d39b09fa5f0ab6d94ecda23528a59e382ef7b6e4d71c6cd81cc5458d8376d16
720p,99,val_099.png,1280,720,3cd9fac59e58a152cc35aed54f1e9ff1bad6a8b75a11063554ac114245722ff3
1080p,0,val_000.png,1920,1080,acae2e69b160a6a78496f020bbbce1f54294971cc5324be9e5c25629cdfdfbcb
1080p,1,val_001.png,1920,1080,8720bdd58eb809f639b73c087b2e335f08a422a784b343c1bb573ab2325c47af
1080p,2,val_002.png,1920,1080,2e55e39395a06d36fd832d69e52b2352a98c8ab9ab8ac963c4a284ca373cdbea
1080p,3,val_003.png,1920,1080,8727ed64441770f8016e0087beaf2a6b2eac83016e9318e62ea3a2fa98b60953
1080p,4,val_004.png,1920,1080,2ff3dc922b245874b74fc8dbe79a51849d2b32cf0a2e6b135bea8906ad7a63d1
1080p,5,val_005.png,1920,1080,13b47830b208bf7a774f3043d5e8f00aa6aefa7010e124ca174ad7875fb6fb04
1080p,6,val_006.png,1920,1080,1046e04432e987d75f1126859d07038ef2bb7ab2bd439fa042e84592807ac7b3
1080p,7,val_007.png,1920,1080,b44527396e30ced3c4de0e23dc723c81ea0e750c0ff2eb5dc735d91262781b43
1080p,8,val_008.png,1920,1080,edbe7c660322f3897455c02d78b6d6253628dbae9cc15ee8caed22e01c7f3aa2
1080p,9,val_009.png,1920,1080,c5fa4c5438bfa4f7038483ba98140d6fab74a725771f8476d614e267a65eda2f
1080p,10,val_010.png,1920,1080,c98b8a3ee7ae333acf554c6f326ea9c8dbe660677bd966e7ced7e7f531d87522
1080p,11,val_011.png,1920,1080,6b29ae0d7a94bd30fffc9197eebc4ea90d3e00aa5571ca0609bc765882d8a233
1080p,12,val_012.png,1920,1080,7303e9ddee2a7c075be755e335c0c888365b67be7e183c6980dc25270641fc9f
1080p,13,val_013.png,1920,1080,d52fdf2f725463a1a1f4e5e64a019823c3302a87658c27616ba581a0cb04f334
1080p,14,val_014.png,1920,1080,91df39a3db406edb502f122dc8d2363f4087a390f42cbcb19417ced6dc94ace7
1080p,15,val_015.png,1920,1080,4f7c9a846d99c20d6da0657040105db3d72349af54be498d413a21d5c8f1f341
1080p,16,val_016.png,1920,1080,6d1584775c7cede4ed6870849bba459d04b657a3ebd4953d97c0e94288c896bd
1080p,17,val_017.png,1920,1080,c7e6fd4f2b5b1fa4cb9dc002d4e110a729f13c897aa6112c713c98d06c913c5c
1080p,18,val_018.png,1920,1080,f99a2422d10ec98acc2b31ba2ccbbf9d00c53c960585a0d4eff485add856a08a
1080p,19,val_019.png,1920,1080,45ecb46f8d10e24dbb7126bfe2b9ab0ce8a63014db40edec4fce902adc08a634
1080p,20,val_020.png,1920,1080,77dcdcc4d17e16ef734b3617e3bc080115574edbcae3a7ab9f3321d66e206ba7
1080p,21,val_021.png,1920,1080,54d2a21dfcb95cf49c95646c5f0fe0b0a84dcc251a88f64aa980a4a5c5e823b8
1080p,22,val_022.png,1920,1080,acd14ef1d3162b7fc99a2eaf9812029b44732667412742da70838a4173478988
1080p,23,val_023.png,1920,1080,80e207118a53c3c8870ea6eaec865fa87835240ded561f1302dfb31c0a4e1115
1080p,24,val_024.png,1920,1080,3080859222fc319a3f99c89c2798a00fffa871aecd5661d7ad5fb7ccddae0a6a
1080p,25,val_025.png,1920,1080,35f51bd4ad4c42ccca838efda2a3dd7f512f0ed23d7af0b36d3e925205246562
1080p,26,val_026.png,1920,1080,d7dba3bb37f47025c59fa7981435c12bc47a7cc9b8633f7a1fbffacec88c915d
1080p,27,val_027.png,1920,1080,0b84dc76fd87273fea70eff790b144c3140356ba6655f0cd57239926eb819f62
1080p,28,val_028.png,1920,1080,19c1d6fba11919fc26986f6805de19b82e3b8eb9947e5d70119d21c5c8c267a9
1080p,29,val_029.png,1920,1080,3c4e2b65622c2144bafdba39c0fb94b964126f0d4140168e26e196b8f9e2c644
1080p,30,val_030.png,1920,1080,04d7305efbeaebf15914b6ac5a2f03e935c1db751624eca7958207cf34ba5b2e
1080p,31,val_031.png,1920,1080,8d2541cbb1c2f3179527eefff28e643d44ad9cc7b4d28c3d2e4f62e749cb92c7
1080p,32,val_032.png,1920,1080,d8743e3ab478c1c5d2e6dd5eb116cee3c92e7f45b7f2f1fea0f7de4a05934d41
1080p,33,val_033.png,1920,1080,bb8b747e8e0eae871bc0d864e523b6da2632b30d07c40c9b0821a178ff310214
1080p,34,val_034.png,1920,1080,96356284f4c767a00cc1d9acd4d68ebb0c0319e2bce7f5907cc06dd08beb9f1d
1080p,35,val_035.png,1920,1080,5c8593ffd7e13df04093b74420b0b5da4f5a4692ced5be262a66c3ac60a36b52
1080p,36,val_036.png,1920,1080,3ff25c8dae3da1cb6f392f1bb1378d262560f2d09a0610cb68fe910a31d6e305
1080p,37,val_037.png,1920,1080,53868685b7076f34cb9bc80f1b925bf83355b17e26b6d312d7d9a749acc5ad7e
1080p,38,val_038.png,1920,1080,02d0939fe00c106ac5f1ddd22f1c8883827255f7e01d7444bdf73c4724ef82c9
1080p,39,val_039.png,1920,1080,a7aa6b66f99b30627dc102ee247c3036da8a255b30b7b79a1b441229504891dd
1080p,40,val_040.png,1920,1080,3b7d740aa11058b33d1540067b587035f79cc764a2b9a17c1f16442dc2dbb159
1080p,41,val_041.png,1920,1080,c8a44035fd5d3d6f4422944376755f02cbafb5c0c9ca5249ce866f8d29f6f6c2
1080p,42,val_042.png,1920,1080,f38c55a41f82f13f5c4d72e05c6491c0a377dd15e8b0f44655014047b4400092
1080p,43,val_043.png,1920,1080,712fe33bb9435261b1c1aa82bc0f2f777dc292dff97d9daa54c45856c0a90113
1080p,44,val_044.png,1920,1080,878fd9e4cd4c3f75190425760f9e9b274903a438f319454525882cfe11c3b8e6
1080p,45,val_045.png,1920,1080,5f40892ce6ffffdfd13036ba9fcdba4d1ed72b7b26e047fc5b02f62b5341a9af
1080p,46,val_046.png,1920,1080,f2381a679663751cb0113eea85495b8e76eef201c69d671ed1104ff6e588daea
1080p,47,val_047.png,1920,1080,8e750825385af801d29d790da8ddda9b3ef909d19cd4b467ec072a08f585f6fe
1080p,48,val_048.png,1920,1080,8be746ec90c0e5e15852370e29ef56283771358bf7ebedcc591ecb4cf51607d5
1080p,49,val_049.png,1920,1080,2fedd7b7aa71fe746b76d9efd70cfd8a6462d79e4189b1fa8c94284d1ba2a07d
1080p,50,val_050.png,1920,1080,18d939f226a2a0a902a78ddc7f5de2a2100c59a535f606b75b8d5688c593893f
1080p,51,val_051.png,1920,1080,eb5dcceecd17e835c053b9c7cd9878595cad1a8dd0a8d3f110951839bbf91eaf
1080p,52,val_052.png,1920,1080,598f95feda14bc49cc9af2537e5048dac136a5c71bcab15f6d95cb79602a43d7
1080p,53,val_053.png,1920,1080,88ee5e6af3a6067f72acd48df3127c5163b24b8b9971b03b58395efb38b90d23
1080p,54,val_054.png,1920,1080,0e0c53aefb860e71b5b2b67608f6d4fd263d305e649e4e78292dfb7c1dd91e58
1080p,55,val_055.png,1920,1080,530034bed88eeb63c356f5d780674d4bd53c4198e093dfd32c70afba1647869f
1080p,56,val_056.png,1920,1080,ced2fff3d64f1df518d2814d849f2f55c4691fb41bcf4f4941bfdc0b9e5e3033
1080p,57,val_057.png,1920,1080,e7523d0fe4a894f26b4442c7af7b792ae3f01bd48aa94566e7b3e697a6286a41
1080p,58,val_058.png,1920,1080,46798e2a9068730851c69012b26d4c2011abbef353a3b9f55c8caf16dfa66120
1080p,59,val_059.png,1920,1080,28a89bd8b3d0591683620022c1925b8870187fbbe8cbec76225b5e017f5d3c8a
1080p,60,val_060.png,1920,1080,a98e01e86740ebb85480dfe69833c8b7373a6e4cbdf1e8ab69d285680c71cb31
1080p,61,val_061.png,1920,1080,33939cccbaccfa3560b4e69282e315a00037980baa3a7e756732c257c3151474
1080p,62,val_062.png,1920,1080,1df14220855b5f8dfeb997f53302004c1894ed16f1eaf2ebe3377edd056e6508
1080p,63,val_063.png,1920,1080,914443ddcaad09f1ec1835294e8602f3dc8001226dc4347e69e5793db7da4a23
1080p,64,val_064.png,1920,1080,86fc3a01950b2e00e51f9c580cf4b1f9d8f5a8e817164dda73d593db134c0dae
1080p,65,val_065.png,1920,1080,257a7003d0c28bbf4291ee24cdec26a1520b6f658115dd062b4c49186a05b209
1080p,66,val_066.png,1920,1080,9bce824df9dc0fc704e07db9f00d8fc442546229d45014b0f2a5414ba8cef549
1080p,67,val_067.png,1920,1080,08d218603982822b513cf6747152e53d3e0587e39d3d3a887eccd8b96d9dffd4
1080p,68,val_068.png,1920,1080,47cecea40f2d151d2982bbb775779eb144deb2fd4edee43ac7c6f939f9e76eff
1080p,69,val_069.png,1920,1080,03b53a5bd265721c0760969f9e74ad03665be8e9079556379140c2f4f7350ffe
1080p,70,val_070.png,1920,1080,ca647f2140c4faca012843166c43f66aee1aa2036cdac3839556cdffd0be5821
1080p,71,val_071.png,1920,1080,46759fba1d057514cf6487334cef356a71df8d9ab7b851aa8aff3f81f650ca3c
1080p,72,val_072.png,1920,1080,2cc1875e900061d4a0a85547c9c8e0b61f48fc0f30f2c2fc49db611e1b8dad77
1080p,73,val_073.png,1920,1080,b6638fa622d609d405584e43ebede5aef4644ef4ad365529c8a24597c1357bb2
1080p,74,val_074.png,1920,1080,460dcf1cd9a8b8e1b50131bc871dd73ad3aa0186cdab8fecd7d5c75cbfe53f3c
1080p,75,val_075.png,1920,1080,3e0b6e882d4d94bcc31cd425935e02ef7da5f17ad26e33665afb651a1441db0f
1080p,76,val_076.png,1920,1080,5409123c5efe2b397442dd95c5195276e89dafdc6edf742fa907b0f06e1085d1
1080p,77,val_077.png,1920,1080,e00a69c8f4714b1aef35e10ffbfde687fe31a4f46be889a873fdf9e5f6113926
1080p,78,val_078.png,1920,1080,092ffa4498bca7248557cf4171255922b65607e9b8a995b224d179bd2d7a7591
1080p,79,val_079.png,1920,1080,cf130ddcf08c0800b8702679bc500ecf740148587b9e41ca47924b757a0bf6a2
1080p,80,val_080.png,1920,1080,574d64e873a7a280eac42ee863adf66663eba2e7d41e63317583c447e17a599e
1080p,81,val_081.png,1920,1080,bbe8944acbff1870113b39b93722e190b00020b821d94fdad75d766b310deb16
1080p,82,val_082.png,1920,1080,1f2137f9da73ec75676d91d6b941e7944bce1579ff5a4755df1a9fcfc349ed19
1080p,83,val_083.png,1920,1080,4c3a81ca2a4269865024e52c5edf2f55e05eb311015b72e7be780d93fa028a05
1080p,84,val_084.png,1920,1080,ee9e70987204542b95d32f3e18ecec5d1e45398870002b11d8db07d28a7bed85
1080p,85,val_085.png,1920,1080,a844870c54e4ccd723256064ec5a5e8a5f2aa4f1c848c3621d78cfecbeb08acb
1080p,86,val_086.png,1920,1080,ae25c0d7d702ea87254abbfa8d35434ef1dca47988429bb0ee656be1fa2cec66
1080p,87,val_087.png,1920,1080,ad071330ada6993e7e7ae65e7b1235e4dd7c2219b5aef013041d75de2733e344
1080p,88,val_088.png,1920,1080,bf755c4b3590101e6e7811d91c941f66e3ed7c73af2f20378a9a1a7b04b64770
1080p,89,val_089.png,1920,1080,50b770955549251ea16d0ecaaaf9d73d76c3bb9a5abe79f1bf0302379765dcd9
1080p,90,val_090.png,1920,1080,89b8159ca32c9d759eb25b89648f70aeb0666539882098cbb9791aa1424131bb
1080p,91,val_091.png,1920,1080,0a9797a9a994c04f7777f221d45fe132d0d491a75330020db25aaa1f5c545054
1080p,92,val_092.png,1920,1080,8c855659f2f7997c539905fc56da7c7670144f1da50a12634f1d4a43b8949722
1080p,93,val_093.png,1920,1080,cbd9ac3309e657dfc90b0610b4ce058228344a9b9ef9cb709a9197a120ca3548
1080p,94,val_094.png,1920,1080,5293b23d3a5ea9e57399eb1c0631603bbe38ae35406a98c36fac89622a447b89
1080p,95,val_095.png,1920,1080,8a6000da8510eb365d80304f3170a03e5911ba19719cbc8f0f5ac6eaa9e379cc
1080p,96,val_096.png,1920,1080,b4c3a499d462ed862680b5c894a5dfe102f8a057acb16e7a1fced2a49a9de89a
1080p,97,val_097.png,1920,1080,836efab8388c7686bed47ae4cd7e3e99641e2ecc6cfa4d56dcfedac96913deab
1080p,98,val_098.png,1920,1080,08007992f5d5e7bd5446f1aebe16d45420762334f9fba93b22e4bc67049ebbc2
1080p,99,val_099.png,1920,1080,0a2d3411d89790cf04793d53b87dcbe4badb12f39b1f16516926d2b8c70f0342
